url,label
https://www.xvideos.com,0
https://www.microsoftonline.com,0
https://www.exdynsrv.com,0
https://www.amazonaws.com,0
https://www.exosrv.com,0
https://www.twimg.com,0
https://www.deloton.com,0
https://www.cloudfront.net,0
https://www.tianya.cn,0
https://www.china.com.cn,0
https://www.gearbest.com,0
https://www.gfycat.com,0
https://www.bp.blogspot.com,0
https://www.mmoframes.com,0
https://www.h8vzwpv.com,0
https://www.iwanttodeliver.com,0
https://www.people.com.cn,0
https://www.higheurest.com,0
https://www.bestadbid.com,0
https://www.banvenez.com,0
https://www.perfecttoolmedia.com,0
https://www.upornia.com,0
https://www.ci123.com,0
https://www.v3rjvtt.com,0
https://www.lie2anyone.com,0
https://www.userapi.com,0
https://www.doublepimp.com,0
https://www.kissanime.ru,0
https://www.wittyfeed.com,0
https://www.nextlnk1.com,0
https://www.ytimg.com,0
https://www.naver.jp,0
https://www.17ok.com,0
https://www.gdax.com,0
https://www.shiltirs.com,0
https://www.bldaily.com,0
https://www.reundcwkqvctq.com,0
https://www.alicdn.com,0
https://www.ajkzd9h.com,0
https://www.bles.com,0
https://www.patria.org.ve,0
https://www.adhoc2.net,0
https://www.xx1.me,0
https://www.nextlnk2.com,0
https://www.list-manage.com,0
https://www.intactoffers.club,0
https://www.shaparak.ir,0
https://www.mysearch.com,0
https://www.yandex.ua,0
https://www.kissasian.ch,0
https://www.bitmedianetwork.com,0
https://www.rarbg.is,0
https://www.fwbntw.com,0
https://www.torrentz2.eu,0
https://www.readms.net,0
https://www.ask.fm,0
https://www.ssl-images-amazon.com,0
https://www.4pda.ru,0
https://www.blueseek.com,0
https://www.yy08037.com,0
https://www.calcch.com,0
https://www.cinecalidad.to,0
https://www.prpops.com,0
https://www.worldoftanks.ru,0
https://www.lolsided.com,0
https://www.39.net,0
https://www.jiameng.com,0
https://www.xtube.com,0
https://www.yy08047.com,0
https://www.hicpm5.com,0
https://www.searchtuner.com,0
https://www.bitconnect.co,0
https://www.reimageplus.com,0
https://www.cdninstagram.com,0
https://www.dmv.org,0
https://www.royalbank.com,0
https://www.libgen.io,0
https://www.viralcpm.com,0
https://www.speed-open2.com,0
https://www.putrr18.com,0
https://www.baskino.co,0
https://www.bamilo.com,0
https://www.solarmoviez.ru,0
https://www.best2017games.com,0
https://www.bankmellat.ir,0
https://www.skurki.info,0
https://www.axisbank.co.in,0
https://www.cnbeta.com,0
https://www.coinexchange.io,0
https://www.bicentenariobu.com,0
https://www.provinet.net,0
https://www.1fichier.com,0
https://www.2youtds.biz,0
https://www.poe.trade,0
https://www.aastocks.com,0
https://www.newstarads.com,0
https://www.injuredcandy.com,0
https://www.pixhost.org,0
https://www.etorrent.co.kr,0
https://www.51.la,0
https://www.seasonaloffers.club,0
https://www.mangareader.net,0
https://www.cb01.zone,0
https://www.smartadtags.com,0
https://www.avefyjulko.bid,0
https://www.dytt8.net,0
https://www.youku.com,0
https://www.xuite.net,0
https://www.kinogb.club,0
https://www.businesslnk.com,0
https://www.clkntrk.com,0
https://www.sh.st,0
https://www.gittigidiyor.com,0
https://www.fanserials.org,0
https://www.himado.in,0
https://www.blog.me,0
https://www.farsnews.com,0
https://www.sifyitest.com,0
https://www.taoche.com,0
https://www.cima4u.tv,0
https://www.shadbase.com,0
https://www.24video.adult,0
https://www.pussl32.com,0
https://www.indianrail.gov.in,0
https://www.easygirls.info,0
https://www.akamaihd.net,0
https://www.nsdl.com,0
https://www.pirateproxy.ist,0
https://www.nextlnk3.com,0
https://www.oclasrv.com,0
https://www.eroterest.net,0
https://www.fastpic.ru,0
https://www.q1-tdsge.com,0
https://www.filmitorrent.org,0
https://www.hbogo.com,0
https://www.paytm.in,0
https://www.kinogo.by,0
https://www.ps7894.com,0
https://www.clickpapa.io,0
https://www.tut.by,0
https://www.imagebam.com,0
https://www.cerpen.co.id,0
https://www.bskn.pro,0
https://www.els-cdn.com,0
https://www.fazenda.gov.br,0
https://www.lentainform.com,0
https://www.myworkdayjobs.com,0
https://www.intentmedia.net,0
https://www.kdnet.net,0
https://www.rajasthan.gov.in,0
https://www.staticflickr.com,0
https://www.alphashoppers.co,0
https://www.zedo.com,0
https://www.watch-series.is,0
https://www.oceanofgames.com,0
https://www.kino-hd1080.ru,0
https://www.ecollege.com,0
https://www.trafficoverlap.com,0
https://www.biqle.ru,0
https://www.buyandfun.win,0
https://www.pearsoncmg.com,0
https://www.bmi.ir,0
https://www.nextlnk5.com,0
https://www.8maple.ru,0
https://www.jin115.com,0
https://www.shglegle.com,0
https://www.myegy.tv,0
https://www.incometaxindiaefiling.gov.in,0
https://www.hilltopads.net,0
https://www.h-98reale.com,0
https://www.gomovies.sc,0
https://www.talk2none.com,0
https://www.alluc.ee,0
https://www.gowatchfreemovies.to,0
https://www.tamilrockers.st,0
https://www.dlbooks.to,0
https://www.zipbogo.net,0
https://www.bmovies.is,0
https://www.internetnewsportal.com,0
https://www.focuusing.com,0
https://www.trackmkxoffers.se,0
https://www.mokmhp.com,0
https://www.extratorrent.ag,0
https://www.akamaized.net,0
https://www.haa66855mo.club,0
https://www.gumtree.pl,0
https://www.yobxvotn.bid,0
https://www.mec.gov.br,0
https://www.b9good.com,0
https://www.my-hit.org,0
https://www.ap.gov.in,0
https://www.gayboystube.com,0
https://www.achiname.info,0
https://www.gst.gov.in,0
https://www.filelist.ro,0
https://www.film2movie.co,0
https://www.planetsuzy.org,0
https://www.bom.gov.au,0
https://www.jamnews.com,0
https://www.mos.ru,0
https://www.bneoc.pro,0
https://www.gol-network.com,0
https://www.olx.co.ao,0
https://www.qyer.com,0
https://www.smrtlnk.pro,0
https://www.58b.tv,0
https://www.girrrly.com,0
https://www.esuteru.com,0
https://www.junbi-tracker.com,0
https://www.roletaryk.info,0
https://www.megogo.net,0
https://www.wlp-acs.com,0
https://www.discordapp.net,0
https://www.mvhop.com,0
https://www.hdkinoclub.net,0
https://www.9xmovies.info,0
https://www.y6a7tqyr.com,0
https://www.adx1.com,0
https://www.ibanking-services.com,0
https://www.april-inv.com/insightful-venus-terzo-is-catholic/,0
https://www.april-wine.freedownloadmp3.net/,0
https://www.apsblog.burtongroup.com/2009/01/soa-is-dead-long-live-services.html,0
https://www.aprise.web.fc2.com/,0
https://www.april-wine.thelyricarchive.com/,0
https://www.apto.lockton-ins.com/,0
https://www.vipergirls.to,0
https://www.aq.ioffer.com/i/cheap-wrestling-wwe-wwf-wcw-ecw-dvds-1-200216818,0
https://www.citibank.co.in,0
https://www.aquiestamosrecords.com/la-strange/,0
https://www.aquilainc.in/,0
https://www.arab-dance.com/sexy-arab-dancer/,0
https://www.arabsatellitegame.com/,0
https://www.arabnights2.magnify.net/video/Shiraz-ft-Adam-Clay-Sahhart-Ayo,0
https://www.afrtrk.com,0
https://www.aquilatours.com/,0
https://www.aramatheydidnt.livejournal.com/2817097.html,0
https://www.csc.gov.in,0
https://www.arashi-forum.com/,0
https://www.arashi.hipermusicas.com/,0
https://www.aramatheydidnt.livejournal.com/2953068.html,0
https://www.arashi.mp/,0
https://www.irib.ir,0
https://www.coinpot.co,0
https://www.javatpoint.com,0
https://www.aquilagolf.com/,0
https://www.aquila-partners.com/,0
https://www.arabianyellowpages.com/index.php?cat=12&subcat=1040,0
https://www.aranebraska.org/,0
https://www.arashi.musicasia.net/sho-sakurai/,0
https://www.arashi.musicasia.net/kazunari-ninomiya/,0
https://www.arashi.musicasia.net/jun-matsumoto/,0
https://www.arashi.mp/?s=112074,0
https://www.arashi.mp/?page=2&s=32058,0
https://www.arashi.mp/?s=32062,0
https://www.arashi.mp/?page=2&s=32062,0
https://www.arashi.mp/?s=38276,0
https://www.arashian.com/index.php?topic=3803.0,0
https://www.arashi.sky-song.org/,0
https://www.arashian.com/index.php?topic=3874.0,0
https://www.arashian.com/index.php?topic=4889.0,0
https://www.arashian.com/index.php?topic=4888.0,0
https://www.arashiimages.com/,0
https://www.arashirestaurant.com/,0
https://www.arashic.1hwy.com/,0
https://www.arashic.1hwy.com/whats_new.html,0
https://www.aravenabaez.posterous.com/,0
https://www.arbogastband.com/,0
https://www.arc.asm.ca.gov/member/26/?p=article&sid=210&id=249941,0
https://www.arc.asm.ca.gov/?p=pr,0
https://www.arcadefirenews.com/,0
https://www.arc.asm.ca.gov/member/38/?p=article&sid=162&id=247425,0
https://www.arc.asm.ca.gov/member/64/?p=email,0
https://www.archaeobard.co.uk/,0
https://www.archibaldbulloch.georgiastatedar.org/patriots.html,0
https://www.archeryhuntingequipmentreviews.com/hunting-accessories/hunting-knives/smith-wesson-ckgm-guide-master-tanto-knife-green/,0
https://www.archerphilibertin.tiralarc.net/,0
https://www.arcc2011.ltu.edu/,0
https://www.arch.ced.berkeley.edu/,0
https://www.archiguide.free.fr/AR/wright.htm,0
https://www.architects.buildingpros.com/build/state/MO/Kansas+City.html,0
https://www.architectureforhumanity.org/projects,0
https://www.architecture360.net/,0
https://www.archive.baldwinimages.com/,0
https://www.archive.chicagobreakingnews.com/2008/10/hawks-fire-head-coach-savard.html,0
https://www.archive.chicagobreakingnews.com/2009/05/chicago--and-us--losing-last-24-hour-post-office.html,0
https://www.archive.chicagobreakingsports.com/2009/11/rush-arena-league-planning-2011-return.html,0
https://www.archive.chicagobreakingnews.com/2008/11/christmas-shopping-season-opens.html,0
https://www.archive.chicagobreakingnews.com/2009/07/mount-glenwood-cemetary-under-investigation.html,0
https://www.archive.chicagobreakingnews.com/2008/12/canadian-national-railway-rail-deal-approved.html,0
https://www.archive.chicagobreakingnews.com/2009/07/photo-sears-tower-officially-now-willis-tower.html,0
https://www.archive.chicagobreakingnews.com/2010/02/wls-am-drops-mancow-muller.html,0
https://www.archive.chicagobreakingsports.com/2009/11/rush-plans-to-resume-arena-football-in-2011.html,0
https://www.architypesource.com/architects/168-ennead-architects,0
https://www.archive.coasttocoastam.com/affiliates/cn.html,0
https://www.archive.cyark.org/stone-bridge-regensburg-intro,0
https://www.archive.dailypicture.net/list_of_latin_phrases_and_their_meanings.htm,0
https://www.archive.copanational.org/PlacesToFly/airport_view.php?pr_id=10&ap_id=255,0
https://www.archive.chicagobreakingsports.com/2010/07/soldier-field-planning-bid-for-big-ten-title-game.html,0
https://www.archive.livinginperu.com/news/lima,0
https://www.archive.chicagobreakingsports.com/2010/11/cubs-promote-keller-to-special-coaching-assistant.html,0
https://www.archive.chicagobreakingsports.com/2010/10/bears-shuffle-o-line-move-chris-williams-to-guard.html,0
https://www.archive.olivierasselin.com/,0
https://www.archive.redstate.com/blogs/thunder/2008/jan/03/petition_for_president_bush,0
https://www.archive.rotteneggsx.com/r/show/se/349021.html,0
https://www.archive.sensesofcinema.com/contents/01/14/man_who_cried.html,0
https://www.archive.sensesofcinema.com/contents/03/25/de_toth_ramrod.html,0
https://www.archive.sensesofcinema.com/contents/03/26/brakhage_intro.html,0
https://www.archive.sensesofcinema.com/contents/07/42/2006-world-poll-3.html,0
https://www.archive.kcur.org/kcurViewDirect.asp?PlayListID=4985,0
https://www.archive.kcur.org/kcurViewDirect.asp?PlaylistID=7415,0
https://www.archive.sensesofcinema.com/contents/directors/02/brakhage.html,0
https://www.archive.sensesofcinema.com/contents/directors/04/lipsett.html,0
https://www.archive.sensesofcinema.com/contents/directors/06/baldwin.html,0
https://www.archive.shanedphoto.com/,0
https://www.archive.slickdeals.net/showthread.php?sduid=47603&t=413211,0
https://www.archive.wikitree.org/index.php?title=Archibald_John_Taylor,0
https://www.archive.wikitree.org/index.php?title=Countries_of_birth_-_C,0
https://www.archive.wikitree.org/index.php?title=Joseph,0
https://www.archive.revolutionsoccer.net/team/index.cfm?ac=playerbio&bio=31946,0
https://www.archive.worldhistoria.com/population-sizes-in-16th-century-europe_topic23046.html,0
https://www.archivegrid.oclc.org/web/jsp/lp.jsp?id=257,0
https://www.archives.buffalorising.com/story/dave_derners_permanent_show,0
https://www.archives.cnn.com/TRANSCRIPTS/0003/05/bn.02.html,0
https://www.muz-color.ru,0
https://www.arashi-yuuki.livejournal.com/,0
https://www.archives.library.oregonstate.edu/files/archives/pho/harrietsinv1_999.html,0
https://www.archives.gazette.uottawa.ca/article/407/,0
https://www.archives.lib.siu.edu/?p=collections/findingaid&id=2535&q=,0
https://www.archives.library.wisc.edu/uw-archives/biographical/b.html,0
https://www.archives.neuralgourmet.com/2005/11/20/my_lobotomy_howard_dullys_journey,0
https://www.archives.thepilot.com/July2005/07-31-05/073105births.html,0
https://www.archon.di.tamu.edu/?p=collections/findingaid&id=123&q=,0
https://www.archon.di.tamu.edu/?p=collections/findingaid&id=123&disabletheme=1,0
https://www.arcrelg.mcgill.ca/,0
https://www.arcrelg.mcgill.ca/bookreviews.html,0
https://www.archives.llu.edu/cdm4/browse.php?CISOROOT=/ammc&CISOSORT=subjec%7Cr,0
https://www.arcrelg.mcgill.ca/callforpapers.html,0
https://www.arcrelg.mcgill.ca/previous.html,0
https://www.arcrelg.mcgill.ca/current.html,0
https://www.arcticcircle.uconn.edu/HistoryCulture/Cree/Feit1/,0
https://www.ardene-outlet.clothing-stores.shopping.granvillestreet.tel/,0
https://www.ardictionary.com/database/13429,0
https://www.ardmorecampfireusa.org/,0
https://www.arena-montreal.com/,0
https://www.arenabg.com.hostlogr.com/,0
https://www.are.as.wvu.edu/tweedbook.htm,0
https://www.areunicornsreal.com/,0
https://www.ardeneleventhal.com/,0
https://www.argentia1.com/BobHickman.htm,0
https://www.argentina.kia-global.com/,0
https://www.argentina.justformen.com/,0
https://www.argentina.mapinhand.com/,0
https://www.argentina.usembassy.gov/,0
https://www.argentinaconference.com/,0
https://www.argentineanrecipe.com/,0
https://www.argentinaprivate.com/,0
https://www.archrecord.construction.com/news/daily/archives/2010/100423john_carl_warnecke.asp,0
https://www.archrecord.construction.com/projects/portfolio/archives/0901cathedral-2.asp,0
https://www.archrecord.construction.com/projects/bts/archives/perform/08_SidneyHarmanHall/,0
https://www.archrecord.construction.com/projects/portfolio/archives/0901cathedral-1.asp,0
https://www.areapal.com/social/news/United%20States/monmouth%20park,0
https://www.areapal.com/social/news/India/sony%20tv%20live,0
https://www.argusvillend.areaguides.net/,0
https://www.argusville.zip2save.com/,0
https://www.argyllandbute.uk.tigweb.org/,0
https://www.argyll-bute.myjobscotland.gov.uk/,0
https://www.aridlands.woodbury.edu/,0
https://www.aridlands.woodbury.edu/lectures/lectures.html,0
https://www.ariel-rebel.crocogirls.com/,0
https://www.arielrebel.nakednaughty.com/,0
https://www.arielrebel.youngnnude.com/,0
https://www.arielrebelclub.com/,0
https://www.arielrebelgalleries.com/,0
https://www.arielrebelnude.net/,0
https://www.arielrebelpictures.com/,0
https://www.arielrebelvideos.net/,0
https://www.arielrebelvideos.com/,0
https://www.ariesjournal.com/,0
https://www.arif-fruit.com/,0
https://www.arizona.sportsvite.com/sports/Volleyball,0
https://www.argentina.worldcupblog.org/,0
https://www.arkansaslottery.mobi/,0
https://www.arleighsworld.com/ArleighsWorld/List.htm,0
https://www.arkiv.hms-mc.no/,0
https://www.arielrebelpics.sexusblog.com/,0
https://www.arlenefhoffmandpmphd.com/id4.html,0
https://www.arizonasundogs.com/team/players/?player_id=127,0
https://www.arizonasundogs.com/team/players/?player_id=139,0
https://www.armeniancross.com/Directories/Parishes.html,0
https://www.armenianstudies.csufresno.edu/sas/JSAS%20index%20and%20contents.htm,0
https://www.arkansas.jobs/,0
https://www.arkansasmatters.com/fulltext/?nxd_id=474537,0
https://www.armyballtampa.org/,0
https://www.arnica.csustan.edu/jacklin/Lake_Chabot_Reg_Park_1/index.htm,0
https://www.around.ask.com/,0
https://www.arrival.aeroplan.com/ideas-rewards,0
https://www.arrival.aeroplan.com/miles-play,0
https://www.arrival.aeroplan.com/,0
https://www.aroundkaohsiung.freeservers.com/directory.html,0
https://www.arrival.aeroplan.com/travel-destinations,0
