https://www.yatesriomar.com/acv,"- Try: Navigation failed (fallback too): net::ERR_NAME_NOT_RESOLVED at https://www.yatesriomar.com/acv
- Try: Navigation failed (fallback too): net::ERR_NAME_NOT_RESOLVED at https://yatesriomar.com/acv"
https://www.yatesredcross.org/,"- Try: Navigation failed (fallback too): net::ERR_NAME_NOT_RESOLVED at https://www.yatesredcross.org/
- Try: Navigation failed (fallback too): net::ERR_NAME_NOT_RESOLVED at https://yatesredcross.org/"
https://www.yayczechrepublichotels.com/,"- Try: Navigation failed (fallback too): net::ERR_NAME_NOT_RESOLVED at https://www.yayczechrepublichotels.com/
- Try: Navigation failed (fallback too): net::ERR_NAME_NOT_RESOLVED at https://yayczechrepublichotels.com/"
https://www.ydl.net/support/solutions/ydl_6.x/,"- Try: Navigation failed (fallback too): net::ERR_NAME_NOT_RESOLVED at https://www.ydl.net/support/solutions/ydl_6.x/
- Try: Navigation failed (fallback too): net::ERR_NAME_NOT_RESOLVED at https://ydl.net/support/solutions/ydl_6.x/"
https://www.yeahpornstars.com/lara-roxx.html,"- Try: Navigation failed (fallback too): net::ERR_NAME_NOT_RESOLVED at https://www.yeahpornstars.com/lara-roxx.html
- Try: Navigation failed (fallback too): net::ERR_NAME_NOT_RESOLVED at https://yeahpornstars.com/lara-roxx.html"
https://www.yeahpornstars.com/mai-lin.html,"- Try: Navigation failed (fallback too): net::ERR_NAME_NOT_RESOLVED at https://www.yeahpornstars.com/mai-lin.html
- Try: Navigation failed (fallback too): net::ERR_NAME_NOT_RESOLVED at https://yeahpornstars.com/mai-lin.html"
https://www.yeahpornstars.com/pictures/lara-roxx.html,"- Try: Navigation failed (fallback too): net::ERR_NAME_NOT_RESOLVED at https://www.yeahpornstars.com/pictures/lara-roxx.html
- Try: Navigation failed (fallback too): net::ERR_NAME_NOT_RESOLVED at https://yeahpornstars.com/pictures/lara-roxx.html"
https://www.yellowbrickmall.com/jacksonvillejaguars.php,"- Try: Navigation failed (fallback too): net::ERR_NAME_NOT_RESOLVED at https://www.yellowbrickmall.com/jacksonvillejaguars.php
- Try: Navigation failed (fallback too): net::ERR_NAME_NOT_RESOLVED at https://yellowbrickmall.com/jacksonvillejaguars.php"
https://www.yellowbrickmall.com/michiganstatespartans.php,"- Try: Navigation failed (fallback too): net::ERR_NAME_NOT_RESOLVED at https://www.yellowbrickmall.com/michiganstatespartans.php
- Try: Navigation failed (fallback too): net::ERR_NAME_NOT_RESOLVED at https://yellowbrickmall.com/michiganstatespartans.php"
https://www.yellowbrickmall.com/missouritigersstore.php,"- Try: Navigation failed (fallback too): net::ERR_NAME_NOT_RESOLVED at https://www.yellowbrickmall.com/missouritigersstore.php
- Try: Navigation failed (fallback too): net::ERR_NAME_NOT_RESOLVED at https://yellowbrickmall.com/missouritigersstore.php"
https://www.yellowbrickmall.com/chicagobearsstore_fans.php,"- Try: Navigation failed (fallback too): net::ERR_NAME_NOT_RESOLVED at https://www.yellowbrickmall.com/chicagobearsstore_fans.php
- Try: Navigation failed (fallback too): net::ERR_NAME_NOT_RESOLVED at https://yellowbrickmall.com/chicagobearsstore_fans.php"
https://www.yellowbrickmall.com/pittsburgh_steelers.php,"- Try: Navigation failed (fallback too): net::ERR_NAME_NOT_RESOLVED at https://www.yellowbrickmall.com/pittsburgh_steelers.php
- Try: Navigation failed (fallback too): net::ERR_NAME_NOT_RESOLVED at https://yellowbrickmall.com/pittsburgh_steelers.php"
https://www.yellowbrickmall.com/ohiostatebuckeyesstore.php,"- Try: Navigation failed (fallback too): net::ERR_NAME_NOT_RESOLVED at https://www.yellowbrickmall.com/ohiostatebuckeyesstore.php
- Try: Navigation failed (fallback too): net::ERR_NAME_NOT_RESOLVED at https://yellowbrickmall.com/ohiostatebuckeyesstore.php"
https://www.yellowfoxstudio.com/_shortFilms/films01.htm,"- Try: Navigation failed (fallback too): net::ERR_NAME_NOT_RESOLVED at https://www.yellowfoxstudio.com/_shortFilms/films01.htm
- Try: Navigation failed (fallback too): net::ERR_NAME_NOT_RESOLVED at https://yellowfoxstudio.com/_shortFilms/films01.htm"
https://www.yellowglenusa.com/sparkling-wine-winemaker.html,"- Try: Navigation failed (fallback too): net::ERR_NAME_NOT_RESOLVED at https://www.yellowglenusa.com/sparkling-wine-winemaker.html
- Try: Navigation failed (fallback too): net::ERR_NAME_NOT_RESOLVED at https://yellowglenusa.com/sparkling-wine-winemaker.html"
https://www.yellowpage-ohio.com/list.html?page=1&ipp=All&where=&what=Central%20Ohio&search=1,"- Try: Navigation failed (fallback too): net::ERR_NAME_NOT_RESOLVED at https://www.yellowpage-ohio.com/list.html?page=1&ipp=All&where=&what=Central%20Ohio&search=1
- Try: Navigation failed (fallback too): net::ERR_NAME_NOT_RESOLVED at https://yellowpage-ohio.com/list.html?page=1&ipp=All&where=&what=Central%20Ohio&search=1"
https://www.yellowpage-ontario.com/list.html?page=1&ipp=All&where=&what=Italian%20church&search=1,"- Try: Navigation failed (fallback too): net::ERR_NAME_NOT_RESOLVED at https://www.yellowpage-ontario.com/list.html?page=1&ipp=All&where=&what=Italian%20church&search=1
- Try: Navigation failed (fallback too): net::ERR_NAME_NOT_RESOLVED at https://yellowpage-ontario.com/list.html?page=1&ipp=All&where=&what=Italian%20church&search=1"
https://www.yellowpage-quebec.com/list.html?page=1&ipp=All&where=&what=&search=1,"- Try: Navigation failed (fallback too): net::ERR_NAME_NOT_RESOLVED at https://www.yellowpage-quebec.com/list.html?page=1&ipp=All&where=&what=&search=1
- Try: Navigation failed (fallback too): net::ERR_NAME_NOT_RESOLVED at https://yellowpage-quebec.com/list.html?page=1&ipp=All&where=&what=&search=1"
https://www.yellowpage-quebec.com/list.html?page=1&ipp=All&where=&what=Billard%20Qu%C3%A9bec&search=1,"- Try: Navigation failed (fallback too): net::ERR_NAME_NOT_RESOLVED at https://www.yellowpage-quebec.com/list.html?page=1&ipp=All&where=&what=Billard%20Qu%C3%A9bec&search=1
- Try: Navigation failed (fallback too): net::ERR_NAME_NOT_RESOLVED at https://yellowpage-quebec.com/list.html?page=1&ipp=All&where=&what=Billard%20Qu%C3%A9bec&search=1"
https://www.yellowpage-quebec.com/list.html?page=1&ipp=All&where=&what=Goodwrench%20St-Jean&search=1,"- Try: Navigation failed (fallback too): net::ERR_NAME_NOT_RESOLVED at https://www.yellowpage-quebec.com/list.html?page=1&ipp=All&where=&what=Goodwrench%20St-Jean&search=1
- Try: Navigation failed (fallback too): net::ERR_NAME_NOT_RESOLVED at https://yellowpage-quebec.com/list.html?page=1&ipp=All&where=&what=Goodwrench%20St-Jean&search=1"
https://www.yellowpage-quebec.com/list.html?page=1&ipp=All&where=&what=Jean-Pierre%20Jutras&search=1,"- Try: Navigation failed (fallback too): net::ERR_NAME_NOT_RESOLVED at https://www.yellowpage-quebec.com/list.html?page=1&ipp=All&where=&what=Jean-Pierre%20Jutras&search=1
- Try: Navigation failed (fallback too): net::ERR_NAME_NOT_RESOLVED at https://yellowpage-quebec.com/list.html?page=1&ipp=All&where=&what=Jean-Pierre%20Jutras&search=1"
https://www.yellowpage-quebec.com/list.html?page=1&ipp=All&where=&what=Party%20de%20Bureau%20Qu%C3%A9bec&search=1,"- Try: Navigation failed (fallback too): net::ERR_NAME_NOT_RESOLVED at https://www.yellowpage-quebec.com/list.html?page=1&ipp=All&where=&what=Party%20de%20Bureau%20Qu%C3%A9bec&search=1
- Try: Navigation failed (fallback too): net::ERR_NAME_NOT_RESOLVED at https://yellowpage-quebec.com/list.html?page=1&ipp=All&where=&what=Party%20de%20Bureau%20Qu%C3%A9bec&search=1"
https://www.yellowpage-quebec.com/list.html?page=1&ipp=All&where=&what=Real%20estate%20Quebec%20City&search=1,"- Try: Navigation failed (fallback too): net::ERR_NAME_NOT_RESOLVED at https://www.yellowpage-quebec.com/list.html?page=1&ipp=All&where=&what=Real%20estate%20Quebec%20City&search=1
- Try: Navigation failed (fallback too): net::ERR_NAME_NOT_RESOLVED at https://yellowpage-quebec.com/list.html?page=1&ipp=All&where=&what=Real%20estate%20Quebec%20City&search=1"
https://www.yellowpage-quebec.com/list.html?page=1&ipp=All&where=&what=Transport&search=1,"- Try: Navigation failed (fallback too): net::ERR_NAME_NOT_RESOLVED at https://www.yellowpage-quebec.com/list.html?page=1&ipp=All&where=&what=Transport&search=1
- Try: Navigation failed (fallback too): net::ERR_NAME_NOT_RESOLVED at https://yellowpage-quebec.com/list.html?page=1&ipp=All&where=&what=Transport&search=1"
https://www.yellowpage-quebec.com/list.html?page=1&ipp=All&where=Anjou&what=&search=1,"- Try: Navigation failed (fallback too): net::ERR_NAME_NOT_RESOLVED at https://www.yellowpage-quebec.com/list.html?page=1&ipp=All&where=Anjou&what=&search=1
- Try: Navigation failed (fallback too): net::ERR_NAME_NOT_RESOLVED at https://yellowpage-quebec.com/list.html?page=1&ipp=All&where=Anjou&what=&search=1"
https://www.yellowpage-quebec.com/list.html?page=1&ipp=All&where=Hull&what=&search=1,"- Try: Navigation failed (fallback too): net::ERR_NAME_NOT_RESOLVED at https://www.yellowpage-quebec.com/list.html?page=1&ipp=All&where=Hull&what=&search=1
- Try: Navigation failed (fallback too): net::ERR_NAME_NOT_RESOLVED at https://yellowpage-quebec.com/list.html?page=1&ipp=All&where=Hull&what=&search=1"
https://www.yellowpage-quebec.com/list.html?page=1&ipp=All&where=Saint-Hubert&what=&search=1,"- Try: Navigation failed (fallback too): net::ERR_NAME_NOT_RESOLVED at https://www.yellowpage-quebec.com/list.html?page=1&ipp=All&where=Saint-Hubert&what=&search=1
- Try: Navigation failed (fallback too): net::ERR_NAME_NOT_RESOLVED at https://yellowpage-quebec.com/list.html?page=1&ipp=All&where=Saint-Hubert&what=&search=1"
https://www.yellowee.com/canada/ottawa-on/guides/history-of-canadas-parliament,"- Try: Navigation failed (fallback too): net::ERR_CONNECTION_REFUSED at https://www.yellowee.com/canada/ottawa-on/guides/history-of-canadas-parliament
- Try: Navigation failed (fallback too): net::ERR_CONNECTION_REFUSED at https://yellowee.com/canada/ottawa-on/guides/history-of-canadas-parliament
- SSL Bypass: Navigation failed (fallback too): net::ERR_CONNECTION_REFUSED at https://www.yellowee.com/canada/ottawa-on/guides/history-of-canadas-parliament
- SSL Bypass: Navigation failed (fallback too): net::ERR_CONNECTION_REFUSED at https://yellowee.com/canada/ottawa-on/guides/history-of-canadas-parliament
- ScraperAPI (fallback): Navigation failed (fallback too): net::ERR_BLOCKED_BY_CLIENT at http://api.scraperapi.com/?api_key=cb90e8f2093932f1e12b46dd13788b49&url=https%3A%2F%2Fwww.yellowee.com%2Fcanada%2Fottawa-on%2Fguides%2Fhistory-of-canadas-parliament
- ScraperAPI (fallback): Navigation failed (fallback too): net::ERR_BLOCKED_BY_CLIENT at http://api.scraperapi.com/?api_key=cb90e8f2093932f1e12b46dd13788b49&url=https%3A%2F%2Fyellowee.com%2Fcanada%2Fottawa-on%2Fguides%2Fhistory-of-canadas-parliament
- ScraperAPI (fallback): Navigation failed (fallback too): net::ERR_BLOCKED_BY_CLIENT at http://api.scraperapi.com/?api_key=cb90e8f2093932f1e12b46dd13788b49&url=https%3A%2F%2Fwww.yellowee.com%2Fcanada%2Fottawa-on%2Fguides%2Fhistory-of-canadas-parliament
- ScraperAPI (fallback): Navigation failed (fallback too): net::ERR_BLOCKED_BY_CLIENT at http://api.scraperapi.com/?api_key=cb90e8f2093932f1e12b46dd13788b49&url=https%3A%2F%2Fyellowee.com%2Fcanada%2Fottawa-on%2Fguides%2Fhistory-of-canadas-parliament"
https://www.yellowdog-board.com/viewtopic.php?f=5&t=6818,"- Try: Navigation failed (fallback too): net::ERR_CONNECTION_TIMED_OUT at https://www.yellowdog-board.com/viewtopic.php?f=5&t=6818
- Try: Navigation failed (fallback too): net::ERR_CONNECTION_TIMED_OUT at https://yellowdog-board.com/viewtopic.php?f=5&t=6818
- SSL Bypass: Navigation failed (fallback too): net::ERR_CONNECTION_TIMED_OUT at https://www.yellowdog-board.com/viewtopic.php?f=5&t=6818
- SSL Bypass: Navigation failed (fallback too): net::ERR_CONNECTION_TIMED_OUT at https://yellowdog-board.com/viewtopic.php?f=5&t=6818"
https://www.yellowpagesdocuments.ca/Jewish-General-Hospital/document/a134c95c56/?mode=mini,"- Try: Navigation failed (fallback too): net::ERR_CONNECTION_RESET at https://www.yellowpagesdocuments.ca/Jewish-General-Hospital/document/a134c95c56/?mode=mini
- Try: Navigation failed (fallback too): net::ERR_CONNECTION_RESET at https://yellowpagesdocuments.ca/Jewish-General-Hospital/document/a134c95c56/?mode=mini
- SSL Bypass: Navigation failed (fallback too): net::ERR_CONNECTION_RESET at https://www.yellowpagesdocuments.ca/Jewish-General-Hospital/document/a134c95c56/?mode=mini
- SSL Bypass: Navigation failed (fallback too): net::ERR_CONNECTION_RESET at https://yellowpagesdocuments.ca/Jewish-General-Hospital/document/a134c95c56/?mode=mini
- ScraperAPI (fallback): Navigation failed (fallback too): net::ERR_BLOCKED_BY_CLIENT at http://api.scraperapi.com/?api_key=cb90e8f2093932f1e12b46dd13788b49&url=https%3A%2F%2Fwww.yellowpagesdocuments.ca%2FJewish-General-Hospital%2Fdocument%2Fa134c95c56%2F%3Fmode%3Dmini
- ScraperAPI (fallback): Navigation failed (fallback too): net::ERR_BLOCKED_BY_CLIENT at http://api.scraperapi.com/?api_key=cb90e8f2093932f1e12b46dd13788b49&url=https%3A%2F%2Fyellowpagesdocuments.ca%2FJewish-General-Hospital%2Fdocument%2Fa134c95c56%2F%3Fmode%3Dmini
- ScraperAPI (fallback): Navigation failed (fallback too): net::ERR_BLOCKED_BY_CLIENT at http://api.scraperapi.com/?api_key=cb90e8f2093932f1e12b46dd13788b49&url=https%3A%2F%2Fwww.yellowpagesdocuments.ca%2FJewish-General-Hospital%2Fdocument%2Fa134c95c56%2F%3Fmode%3Dmini
- ScraperAPI (fallback): Navigation failed (fallback too): net::ERR_BLOCKED_BY_CLIENT at http://api.scraperapi.com/?api_key=cb90e8f2093932f1e12b46dd13788b49&url=https%3A%2F%2Fyellowpagesdocuments.ca%2FJewish-General-Hospital%2Fdocument%2Fa134c95c56%2F%3Fmode%3Dmini"
https://www.yellowsurveys.com/review/yoopa/,"- Try: Navigation failed (fallback too): net::ERR_CONNECTION_REFUSED at https://www.yellowsurveys.com/review/yoopa/
- Try: Navigation failed (fallback too): net::ERR_CONNECTION_REFUSED at https://yellowsurveys.com/review/yoopa/
- SSL Bypass: Navigation failed (fallback too): net::ERR_CONNECTION_REFUSED at https://www.yellowsurveys.com/review/yoopa/
- SSL Bypass: Navigation failed (fallback too): net::ERR_CONNECTION_REFUSED at https://yellowsurveys.com/review/yoopa/
- ScraperAPI (fallback): Navigation failed (fallback too): net::ERR_BLOCKED_BY_CLIENT at http://api.scraperapi.com/?api_key=cb90e8f2093932f1e12b46dd13788b49&url=https%3A%2F%2Fwww.yellowsurveys.com%2Freview%2Fyoopa%2F
- ScraperAPI (fallback): Navigation failed (fallback too): net::ERR_BLOCKED_BY_CLIENT at http://api.scraperapi.com/?api_key=cb90e8f2093932f1e12b46dd13788b49&url=https%3A%2F%2Fyellowsurveys.com%2Freview%2Fyoopa%2F
- ScraperAPI (fallback): Navigation failed (fallback too): net::ERR_BLOCKED_BY_CLIENT at http://api.scraperapi.com/?api_key=cb90e8f2093932f1e12b46dd13788b49&url=https%3A%2F%2Fwww.yellowsurveys.com%2Freview%2Fyoopa%2F
- ScraperAPI (fallback): Navigation failed (fallback too): net::ERR_BLOCKED_BY_CLIENT at http://api.scraperapi.com/?api_key=cb90e8f2093932f1e12b46dd13788b49&url=https%3A%2F%2Fyellowsurveys.com%2Freview%2Fyoopa%2F"
