 http://ca71441.tw1.ru/713ff485.php,"- Try: Navigation failed (fallback too): net::ERR_NAME_NOT_RESOLVED at  http://ca71441.tw1.ru/713ff485.php
- Try: Navigation failed (fallback too): net::ERR_NAME_NOT_RESOLVED at  http://ca71441.tw1.ru/713ff485.php"
 http://ct78524.tw1.ru/d119c837.php,"- Try: Navigation failed (fallback too): net::ERR_NAME_NOT_RESOLVED at  http://ct78524.tw1.ru/d119c837.php
- Try: Navigation failed (fallback too): net::ERR_NAME_NOT_RESOLVED at  http://ct78524.tw1.ru/d119c837.php"
 http://www.airtidy.store/mj25/,"- Try: Navigation failed (fallback too): net::ERR_NAME_NOT_RESOLVED at  http://www.airtidy.store/mj25/
- Try: Navigation failed (fallback too): net::ERR_NAME_NOT_RESOLVED at  http://airtidy.store/mj25/"
 http://www.allsolar.xyz/cph9/,"- Try: Navigation failed (fallback too): net::ERR_NAME_NOT_RESOLVED at  http://www.allsolar.xyz/cph9/
- Try: Navigation failed (fallback too): net::ERR_NAME_NOT_RESOLVED at  http://allsolar.xyz/cph9/"
 http://www.edug.info/se01/,"- Try: Navigation failed (fallback too): net::ERR_NAME_NOT_RESOLVED at  http://www.edug.info/se01/
- Try: Navigation failed (fallback too): net::ERR_NAME_NOT_RESOLVED at  http://edug.info/se01/"
 http://www.eeja.uk/ir6g/,"- Try: Navigation failed (fallback too): net::ERR_NAME_NOT_RESOLVED at  http://www.eeja.uk/ir6g/
- Try: Navigation failed (fallback too): net::ERR_NAME_NOT_RESOLVED at  http://eeja.uk/ir6g/"
 http://111.231.145.137:8888/supershell/login,"- Try: Navigation failed (fallback too): net::ERR_CONNECTION_TIMED_OUT at  http://111.231.145.137:8888/supershell/login
- Try: Navigation failed (fallback too): net::ERR_CONNECTION_TIMED_OUT at  http://111.231.145.137:8888/supershell/login
- SSL Bypass: Navigation failed (fallback too): net::ERR_CONNECTION_TIMED_OUT at  http://111.231.145.137:8888/supershell/login
- SSL Bypass: Navigation failed (fallback too): net::ERR_CONNECTION_TIMED_OUT at  http://111.231.145.137:8888/supershell/login"
 https://rambox.org/,"- Try: Navigation failed (fallback too): net::ERR_NAME_NOT_RESOLVED at  https://rambox.org/
- Try: Navigation failed (fallback too): net::ERR_NAME_NOT_RESOLVED at  https://rambox.org/"
http://annuaire.sexetonic.com/,"- Try: Navigation failed (fallback too): net::ERR_NAME_NOT_RESOLVED at http://annuaire.sexetonic.com/
- Try: Navigation failed (fallback too): net::ERR_NAME_NOT_RESOLVED at http://annuaire.sexetonic.com/"
http://breakingnewsworld.xyz/,"- Try: Navigation failed (fallback too): net::ERR_NAME_NOT_RESOLVED at http://breakingnewsworld.xyz/
- Try: Navigation failed (fallback too): net::ERR_NAME_NOT_RESOLVED at http://breakingnewsworld.xyz/"
http://childcaredaycare.net/ay/9714886c1350b7127ae790061002b5e2...,"- Try: Navigation failed (fallback too): net::ERR_NAME_NOT_RESOLVED at http://childcaredaycare.net/ay/9714886c1350b7127ae790061002b5e2...
- Try: Navigation failed (fallback too): net::ERR_NAME_NOT_RESOLVED at http://childcaredaycare.net/ay/9714886c1350b7127ae790061002b5e2..."
http://childcaredaycare.net/ay/2779f565fb0c63b4c412528ece71d1ed?email&...,"- Try: Navigation failed (fallback too): net::ERR_NAME_NOT_RESOLVED at http://childcaredaycare.net/ay/2779f565fb0c63b4c412528ece71d1ed?email&...
- Try: Navigation failed (fallback too): net::ERR_NAME_NOT_RESOLVED at http://childcaredaycare.net/ay/2779f565fb0c63b4c412528ece71d1ed?email&..."
http://childcaredaycare.net/ay/9714886c1350b7127ae790061002b5e2/...,"- Try: Navigation failed (fallback too): net::ERR_NAME_NOT_RESOLVED at http://childcaredaycare.net/ay/9714886c1350b7127ae790061002b5e2/...
- Try: Navigation failed (fallback too): net::ERR_NAME_NOT_RESOLVED at http://childcaredaycare.net/ay/9714886c1350b7127ae790061002b5e2/..."
http://childcaredaycare.net/ay/f52172507b0f23a719d17b6a9b8ae813/...,"- Try: Navigation failed (fallback too): net::ERR_NAME_NOT_RESOLVED at http://childcaredaycare.net/ay/f52172507b0f23a719d17b6a9b8ae813/...
- Try: Navigation failed (fallback too): net::ERR_NAME_NOT_RESOLVED at http://childcaredaycare.net/ay/f52172507b0f23a719d17b6a9b8ae813/..."
 https://landing.survival-kitz.com/profileLayout,"- Try: Navigation failed (fallback too): net::ERR_CONNECTION_TIMED_OUT at  https://landing.survival-kitz.com/profileLayout
- Try: Navigation failed (fallback too): net::ERR_CONNECTION_TIMED_OUT at  https://landing.survival-kitz.com/profileLayout
- SSL Bypass: Navigation failed (fallback too): net::ERR_CONNECTION_TIMED_OUT at  https://landing.survival-kitz.com/profileLayout
- SSL Bypass: Navigation failed (fallback too): net::ERR_CONNECTION_TIMED_OUT at  https://landing.survival-kitz.com/profileLayout"
http://fur.ly/dncn,"- Try: Navigation failed (fallback too): net::ERR_NAME_NOT_RESOLVED at http://fur.ly/dncn
- Try: Navigation failed (fallback too): net::ERR_NAME_NOT_RESOLVED at http://fur.ly/dncn"
http://green-btc.pages.dev/next/walletpage.php,"- Try: Navigation failed (fallback too): net::ERR_NAME_NOT_RESOLVED at http://green-btc.pages.dev/next/walletpage.php
- Try: Navigation failed (fallback too): net::ERR_NAME_NOT_RESOLVED at http://green-btc.pages.dev/next/walletpage.php"
http://legalzonebd.com/food/MIEN/,"- Try: Navigation failed (fallback too): net::ERR_NAME_NOT_RESOLVED at http://legalzonebd.com/food/MIEN/
- Try: Navigation failed (fallback too): net::ERR_NAME_NOT_RESOLVED at http://legalzonebd.com/food/MIEN/"
