https://www.addroplet.com,Try: Navigation failed (fallback too): net::ERR_TOO_MANY_REDIRECTS at https://www.addroplet.com at https://www.addroplet.com | Try: Navigation failed (fallback too): net::ERR_TOO_MANY_REDIRECTS at https://addroplet.com at https://addroplet.com | SSL Bypass: Navigation failed (fallback too): net::ERR_TOO_MANY_REDIRECTS at https://www.addroplet.com at https://www.addroplet.com | SSL Bypass: Navigation failed (fallback too): net::ERR_TOO_MANY_REDIRECTS at https://addroplet.com at https://addroplet.com
https://www.aquilasys.com/,Try: Navigation failed (fallback too): net::ERR_SSL_PROTOCOL_ERROR at https://www.aquilasys.com/ at https://www.aquilasys.com/ | Try: Navigation failed (fallback too): net::ERR_SSL_PROTOCOL_ERROR at https://aquilasys.com/ at https://aquilasys.com/ | SSL Bypass: Navigation failed (fallback too): net::ERR_SSL_PROTOCOL_ERROR at https://www.aquilasys.com/ at https://www.aquilasys.com/ | SSL Bypass: Navigation failed (fallback too): net::ERR_SSL_PROTOCOL_ERROR at https://aquilasys.com/ at https://aquilasys.com/
https://www.hashflare.io,Try: Navigation failed (fallback too): net::ERR_TIMED_OUT at https://www.hashflare.io at https://www.hashflare.io | Try: Navigation failed (fallback too): net::ERR_TIMED_OUT at https://hashflare.io at https://hashflare.io | SSL Bypass: Navigation failed (fallback too): net::ERR_TIMED_OUT at https://www.hashflare.io at https://www.hashflare.io | SSL Bypass: Navigation failed (fallback too): net::ERR_TIMED_OUT at https://hashflare.io at https://hashflare.io
https://www.m73lae5cpmgrv38.com,Try: Navigation failed (fallback too): net::ERR_TIMED_OUT at https://www.m73lae5cpmgrv38.com at https://www.m73lae5cpmgrv38.com | Try: Navigation failed (fallback too): net::ERR_TIMED_OUT at https://m73lae5cpmgrv38.com at https://m73lae5cpmgrv38.com | SSL Bypass: Navigation failed (fallback too): net::ERR_TIMED_OUT at https://www.m73lae5cpmgrv38.com at https://www.m73lae5cpmgrv38.com | SSL Bypass: Navigation failed (fallback too): net::ERR_TIMED_OUT at https://m73lae5cpmgrv38.com at https://m73lae5cpmgrv38.com
https://www.hltv.org,All -1
,
https://www.asmt.mafoi.com/login.cfm?mftypeofuser=M,Try: Navigation failed (fallback too): net::ERR_SSL_UNRECOGNIZED_NAME_ALERT at https://www.asmt.mafoi.com/login.cfm?mftypeofuser=M at https://www.asmt.mafoi.com/login.cfm?mftypeofuser=M | Try: Navigation failed (fallback too): net::ERR_SSL_UNRECOGNIZED_NAME_ALERT at https://asmt.mafoi.com/login.cfm?mftypeofuser=M at https://asmt.mafoi.com/login.cfm?mftypeofuser=M | SSL Bypass: Navigation failed (fallback too): net::ERR_SSL_UNRECOGNIZED_NAME_ALERT at https://www.asmt.mafoi.com/login.cfm?mftypeofuser=M at https://www.asmt.mafoi.com/login.cfm?mftypeofuser=M | SSL Bypass: Navigation failed (fallback too): net::ERR_SSL_UNRECOGNIZED_NAME_ALERT at https://asmt.mafoi.com/login.cfm?mftypeofuser=M at https://asmt.mafoi.com/login.cfm?mftypeofuser=M
https://www.asmt.mafoi.com/,Try: Navigation failed (fallback too): net::ERR_SSL_UNRECOGNIZED_NAME_ALERT at https://www.asmt.mafoi.com/ at https://www.asmt.mafoi.com/ | Try: Navigation failed (fallback too): net::ERR_SSL_UNRECOGNIZED_NAME_ALERT at https://asmt.mafoi.com/ at https://asmt.mafoi.com/ | SSL Bypass: Navigation failed (fallback too): net::ERR_SSL_UNRECOGNIZED_NAME_ALERT at https://www.asmt.mafoi.com/ at https://www.asmt.mafoi.com/ | SSL Bypass: Navigation failed (fallback too): net::ERR_SSL_UNRECOGNIZED_NAME_ALERT at https://asmt.mafoi.com/ at https://asmt.mafoi.com/
,
https://www.ziprecruiter.com,Try: Protocol error: Connection closed. at https://www.ziprecruiter.com | Try: Protocol error: Connection closed. at https://ziprecruiter.com | SSL Bypass: Protocol error: Connection closed. at https://www.ziprecruiter.com | SSL Bypass: Protocol error: Connection closed. at https://ziprecruiter.com
https://www.hilton.com,Try: Navigation failed (fallback too): Attempted to use detached Frame '8E4A6D93954E402131071C95C0AC8A3F'. at https://www.hilton.com | Try: Protocol error: Connection closed. at https://hilton.com | SSL Bypass: Timed out after waiting 30000ms at https://www.hilton.com | SSL Bypass: Protocol error: Connection closed. at https://hilton.com
,
https://www.ibt.uk,Try: Navigation failed (fallback too): net::ERR_HTTP2_PROTOCOL_ERROR at https://www.ibt.uk at https://www.ibt.uk | Try: Navigation failed (fallback too): net::ERR_HTTP2_PROTOCOL_ERROR at https://ibt.uk at https://ibt.uk | SSL Bypass: Navigation failed (fallback too): net::ERR_HTTP2_PROTOCOL_ERROR at https://www.ibt.uk at https://www.ibt.uk | SSL Bypass: Navigation failed (fallback too): net::ERR_HTTP2_PROTOCOL_ERROR at https://ibt.uk at https://ibt.uk
,
https://www.archives.lincolndailynews.com/2000/May/24/comunity/honors.htm,Try: Navigation failed (fallback too): net::ERR_EMPTY_RESPONSE at https://www.archives.lincolndailynews.com/2000/May/24/comunity/honors.htm at https://www.archives.lincolndailynews.com/2000/May/24/comunity/honors.htm | Try: Navigation failed (fallback too): net::ERR_EMPTY_RESPONSE at https://archives.lincolndailynews.com/2000/May/24/comunity/honors.htm at https://archives.lincolndailynews.com/2000/May/24/comunity/honors.htm | SSL Bypass: Navigation failed (fallback too): net::ERR_EMPTY_RESPONSE at https://www.archives.lincolndailynews.com/2000/May/24/comunity/honors.htm at https://www.archives.lincolndailynews.com/2000/May/24/comunity/honors.htm | SSL Bypass: Navigation failed (fallback too): net::ERR_EMPTY_RESPONSE at https://archives.lincolndailynews.com/2000/May/24/comunity/honors.htm at https://archives.lincolndailynews.com/2000/May/24/comunity/honors.htm
https://www.archives.lincolndailynews.com/2000/Jul/14/comunity/honors.htm,Try: Navigation failed (fallback too): net::ERR_EMPTY_RESPONSE at https://www.archives.lincolndailynews.com/2000/Jul/14/comunity/honors.htm at https://www.archives.lincolndailynews.com/2000/Jul/14/comunity/honors.htm | Try: Navigation failed (fallback too): net::ERR_EMPTY_RESPONSE at https://archives.lincolndailynews.com/2000/Jul/14/comunity/honors.htm at https://archives.lincolndailynews.com/2000/Jul/14/comunity/honors.htm | SSL Bypass: Navigation failed (fallback too): net::ERR_EMPTY_RESPONSE at https://www.archives.lincolndailynews.com/2000/Jul/14/comunity/honors.htm at https://www.archives.lincolndailynews.com/2000/Jul/14/comunity/honors.htm | SSL Bypass: Navigation failed (fallback too): net::ERR_EMPTY_RESPONSE at https://archives.lincolndailynews.com/2000/Jul/14/comunity/honors.htm at https://archives.lincolndailynews.com/2000/Jul/14/comunity/honors.htm
https://www.argentiniansoccerplayers.blogetery.com/,Try: Navigation failed (fallback too): net::ERR_SSL_UNRECOGNIZED_NAME_ALERT at https://www.argentiniansoccerplayers.blogetery.com/ at https://www.argentiniansoccerplayers.blogetery.com/ | Try: Navigation failed (fallback too): net::ERR_SSL_UNRECOGNIZED_NAME_ALERT at https://argentiniansoccerplayers.blogetery.com/ at https://argentiniansoccerplayers.blogetery.com/ | SSL Bypass: Navigation failed (fallback too): net::ERR_SSL_UNRECOGNIZED_NAME_ALERT at https://www.argentiniansoccerplayers.blogetery.com/ at https://www.argentiniansoccerplayers.blogetery.com/ | SSL Bypass: Navigation failed (fallback too): net::ERR_SSL_UNRECOGNIZED_NAME_ALERT at https://argentiniansoccerplayers.blogetery.com/ at https://argentiniansoccerplayers.blogetery.com/
https://www.artagencyinc.com/news.php,Try: Navigation failed (fallback too): net::ERR_SSL_PROTOCOL_ERROR at https://www.artagencyinc.com/news.php at https://www.artagencyinc.com/news.php | Try: Navigation failed (fallback too): net::ERR_SSL_PROTOCOL_ERROR at https://artagencyinc.com/news.php at https://artagencyinc.com/news.php | SSL Bypass: Navigation failed (fallback too): net::ERR_SSL_PROTOCOL_ERROR at https://www.artagencyinc.com/news.php at https://www.artagencyinc.com/news.php | SSL Bypass: Navigation failed (fallback too): net::ERR_SSL_PROTOCOL_ERROR at https://artagencyinc.com/news.php at https://artagencyinc.com/news.php
,
https://www.articles.burbankleader.com/2000-06-24/news/export16889_1_avecilla,Try: Navigation failed (fallback too): net::ERR_SSL_UNRECOGNIZED_NAME_ALERT at https://www.articles.burbankleader.com/2000-06-24/news/export16889_1_avecilla at https://www.articles.burbankleader.com/2000-06-24/news/export16889_1_avecilla | Try: Navigation failed (fallback too): net::ERR_SSL_UNRECOGNIZED_NAME_ALERT at https://articles.burbankleader.com/2000-06-24/news/export16889_1_avecilla at https://articles.burbankleader.com/2000-06-24/news/export16889_1_avecilla | SSL Bypass: Navigation failed (fallback too): net::ERR_SSL_UNRECOGNIZED_NAME_ALERT at https://www.articles.burbankleader.com/2000-06-24/news/export16889_1_avecilla at https://www.articles.burbankleader.com/2000-06-24/news/export16889_1_avecilla | SSL Bypass: Navigation failed (fallback too): net::ERR_SSL_UNRECOGNIZED_NAME_ALERT at https://articles.burbankleader.com/2000-06-24/news/export16889_1_avecilla at https://articles.burbankleader.com/2000-06-24/news/export16889_1_avecilla
https://www.articles.burbankleader.com/2007-08-18/news/blr-buss18_1_fuel-cell-hydrogen-bus-city-hall,Try: Navigation failed (fallback too): net::ERR_SSL_UNRECOGNIZED_NAME_ALERT at https://www.articles.burbankleader.com/2007-08-18/news/blr-buss18_1_fuel-cell-hydrogen-bus-city-hall at https://www.articles.burbankleader.com/2007-08-18/news/blr-buss18_1_fuel-cell-hydrogen-bus-city-hall | Try: Navigation failed (fallback too): net::ERR_SSL_UNRECOGNIZED_NAME_ALERT at https://articles.burbankleader.com/2007-08-18/news/blr-buss18_1_fuel-cell-hydrogen-bus-city-hall at https://articles.burbankleader.com/2007-08-18/news/blr-buss18_1_fuel-cell-hydrogen-bus-city-hall | SSL Bypass: Navigation failed (fallback too): net::ERR_SSL_UNRECOGNIZED_NAME_ALERT at https://www.articles.burbankleader.com/2007-08-18/news/blr-buss18_1_fuel-cell-hydrogen-bus-city-hall at https://www.articles.burbankleader.com/2007-08-18/news/blr-buss18_1_fuel-cell-hydrogen-bus-city-hall | SSL Bypass: Navigation failed (fallback too): net::ERR_SSL_UNRECOGNIZED_NAME_ALERT at https://articles.burbankleader.com/2007-08-18/news/blr-buss18_1_fuel-cell-hydrogen-bus-city-hall at https://articles.burbankleader.com/2007-08-18/news/blr-buss18_1_fuel-cell-hydrogen-bus-city-hall
https://www.articles.burbankleader.com/2007-06-09/features/blr-burroughsgradbox09_1_david-alvarez-diego-flores-daniel-alvarez/3,Try: Navigation failed (fallback too): net::ERR_SSL_UNRECOGNIZED_NAME_ALERT at https://www.articles.burbankleader.com/2007-06-09/features/blr-burroughsgradbox09_1_david-alvarez-diego-flores-daniel-alvarez/3 at https://www.articles.burbankleader.com/2007-06-09/features/blr-burroughsgradbox09_1_david-alvarez-diego-flores-daniel-alvarez/3 | Try: Navigation failed (fallback too): net::ERR_SSL_UNRECOGNIZED_NAME_ALERT at https://articles.burbankleader.com/2007-06-09/features/blr-burroughsgradbox09_1_david-alvarez-diego-flores-daniel-alvarez/3 at https://articles.burbankleader.com/2007-06-09/features/blr-burroughsgradbox09_1_david-alvarez-diego-flores-daniel-alvarez/3 | SSL Bypass: Navigation failed (fallback too): net::ERR_SSL_UNRECOGNIZED_NAME_ALERT at https://www.articles.burbankleader.com/2007-06-09/features/blr-burroughsgradbox09_1_david-alvarez-diego-flores-daniel-alvarez/3 at https://www.articles.burbankleader.com/2007-06-09/features/blr-burroughsgradbox09_1_david-alvarez-diego-flores-daniel-alvarez/3 | SSL Bypass: Navigation failed (fallback too): net::ERR_SSL_UNRECOGNIZED_NAME_ALERT at https://articles.burbankleader.com/2007-06-09/features/blr-burroughsgradbox09_1_david-alvarez-diego-flores-daniel-alvarez/3 at https://articles.burbankleader.com/2007-06-09/features/blr-burroughsgradbox09_1_david-alvarez-diego-flores-daniel-alvarez/3
https://www.articles.burbankleader.com/2010-02-13/news/blr-school021310_1_private-schools-john-muir-middle-school-burbank-unified,Try: Navigation failed (fallback too): net::ERR_SSL_UNRECOGNIZED_NAME_ALERT at https://www.articles.burbankleader.com/2010-02-13/news/blr-school021310_1_private-schools-john-muir-middle-school-burbank-unified at https://www.articles.burbankleader.com/2010-02-13/news/blr-school021310_1_private-schools-john-muir-middle-school-burbank-unified | Try: Navigation failed (fallback too): net::ERR_SSL_UNRECOGNIZED_NAME_ALERT at https://articles.burbankleader.com/2010-02-13/news/blr-school021310_1_private-schools-john-muir-middle-school-burbank-unified at https://articles.burbankleader.com/2010-02-13/news/blr-school021310_1_private-schools-john-muir-middle-school-burbank-unified | SSL Bypass: Navigation failed (fallback too): net::ERR_SSL_UNRECOGNIZED_NAME_ALERT at https://www.articles.burbankleader.com/2010-02-13/news/blr-school021310_1_private-schools-john-muir-middle-school-burbank-unified at https://www.articles.burbankleader.com/2010-02-13/news/blr-school021310_1_private-schools-john-muir-middle-school-burbank-unified | SSL Bypass: Navigation failed (fallback too): net::ERR_SSL_UNRECOGNIZED_NAME_ALERT at https://articles.burbankleader.com/2010-02-13/news/blr-school021310_1_private-schools-john-muir-middle-school-burbank-unified at https://articles.burbankleader.com/2010-02-13/news/blr-school021310_1_private-schools-john-muir-middle-school-burbank-unified
https://www.articles.burbankleader.com/2011-01-29/news/tn-blr-frutos-20110129_1_burbank-residents-burbank-neighborhood-burbank-city-council,Try: Navigation failed (fallback too): net::ERR_SSL_UNRECOGNIZED_NAME_ALERT at https://www.articles.burbankleader.com/2011-01-29/news/tn-blr-frutos-20110129_1_burbank-residents-burbank-neighborhood-burbank-city-council at https://www.articles.burbankleader.com/2011-01-29/news/tn-blr-frutos-20110129_1_burbank-residents-burbank-neighborhood-burbank-city-council | Try: Navigation failed (fallback too): net::ERR_SSL_UNRECOGNIZED_NAME_ALERT at https://articles.burbankleader.com/2011-01-29/news/tn-blr-frutos-20110129_1_burbank-residents-burbank-neighborhood-burbank-city-council at https://articles.burbankleader.com/2011-01-29/news/tn-blr-frutos-20110129_1_burbank-residents-burbank-neighborhood-burbank-city-council | SSL Bypass: Navigation failed (fallback too): net::ERR_SSL_UNRECOGNIZED_NAME_ALERT at https://www.articles.burbankleader.com/2011-01-29/news/tn-blr-frutos-20110129_1_burbank-residents-burbank-neighborhood-burbank-city-council at https://www.articles.burbankleader.com/2011-01-29/news/tn-blr-frutos-20110129_1_burbank-residents-burbank-neighborhood-burbank-city-council | SSL Bypass: Navigation failed (fallback too): Navigation timeout of 60000 ms exceeded at https://articles.burbankleader.com/2011-01-29/news/tn-blr-frutos-20110129_1_burbank-residents-burbank-neighborhood-burbank-city-council
https://www.articles.burbankleader.com/2011-03-04/news/tn-blr-0305-routes_1_bus-route-scenic-route-transit-officials,Try: Navigation failed (fallback too): net::ERR_SSL_UNRECOGNIZED_NAME_ALERT at https://www.articles.burbankleader.com/2011-03-04/news/tn-blr-0305-routes_1_bus-route-scenic-route-transit-officials at https://www.articles.burbankleader.com/2011-03-04/news/tn-blr-0305-routes_1_bus-route-scenic-route-transit-officials | Try: Navigation failed (fallback too): net::ERR_SSL_UNRECOGNIZED_NAME_ALERT at https://articles.burbankleader.com/2011-03-04/news/tn-blr-0305-routes_1_bus-route-scenic-route-transit-officials at https://articles.burbankleader.com/2011-03-04/news/tn-blr-0305-routes_1_bus-route-scenic-route-transit-officials | SSL Bypass: Navigation failed (fallback too): net::ERR_SSL_UNRECOGNIZED_NAME_ALERT at https://www.articles.burbankleader.com/2011-03-04/news/tn-blr-0305-routes_1_bus-route-scenic-route-transit-officials at https://www.articles.burbankleader.com/2011-03-04/news/tn-blr-0305-routes_1_bus-route-scenic-route-transit-officials | SSL Bypass: Navigation failed (fallback too): Navigation timeout of 60000 ms exceeded at https://articles.burbankleader.com/2011-03-04/news/tn-blr-0305-routes_1_bus-route-scenic-route-transit-officials
https://www.articles.burbankleader.com/keyword/john-burroughs-high-school/featured/2,Try: Navigation failed (fallback too): net::ERR_SSL_UNRECOGNIZED_NAME_ALERT at https://www.articles.burbankleader.com/keyword/john-burroughs-high-school/featured/2 at https://www.articles.burbankleader.com/keyword/john-burroughs-high-school/featured/2 | Try: Navigation failed (fallback too): net::ERR_SSL_UNRECOGNIZED_NAME_ALERT at https://articles.burbankleader.com/keyword/john-burroughs-high-school/featured/2 at https://articles.burbankleader.com/keyword/john-burroughs-high-school/featured/2 | SSL Bypass: Navigation failed (fallback too): net::ERR_SSL_UNRECOGNIZED_NAME_ALERT at https://www.articles.burbankleader.com/keyword/john-burroughs-high-school/featured/2 at https://www.articles.burbankleader.com/keyword/john-burroughs-high-school/featured/2 | SSL Bypass: Navigation failed (fallback too): Navigation timeout of 60000 ms exceeded at https://articles.burbankleader.com/keyword/john-burroughs-high-school/featured/2
https://www.articles.burbankleader.com/keyword/forest-lawn-memorial-park,Try: Navigation failed (fallback too): net::ERR_SSL_UNRECOGNIZED_NAME_ALERT at https://www.articles.burbankleader.com/keyword/forest-lawn-memorial-park at https://www.articles.burbankleader.com/keyword/forest-lawn-memorial-park | Try: Navigation failed (fallback too): net::ERR_SSL_UNRECOGNIZED_NAME_ALERT at https://articles.burbankleader.com/keyword/forest-lawn-memorial-park at https://articles.burbankleader.com/keyword/forest-lawn-memorial-park | SSL Bypass: Navigation failed (fallback too): net::ERR_SSL_UNRECOGNIZED_NAME_ALERT at https://www.articles.burbankleader.com/keyword/forest-lawn-memorial-park at https://www.articles.burbankleader.com/keyword/forest-lawn-memorial-park | SSL Bypass: Navigation failed (fallback too): Navigation timeout of 60000 ms exceeded at https://articles.burbankleader.com/keyword/forest-lawn-memorial-park
https://www.articles.burbankleader.com/2011-10-19/the818now/tn-blr-1019-bob-hope-autistic-boy_1_bob-hope-airport-autistic-boy-lutz,Try: Navigation failed (fallback too): net::ERR_SSL_UNRECOGNIZED_NAME_ALERT at https://www.articles.burbankleader.com/2011-10-19/the818now/tn-blr-1019-bob-hope-autistic-boy_1_bob-hope-airport-autistic-boy-lutz at https://www.articles.burbankleader.com/2011-10-19/the818now/tn-blr-1019-bob-hope-autistic-boy_1_bob-hope-airport-autistic-boy-lutz | Try: Navigation failed (fallback too): net::ERR_SSL_UNRECOGNIZED_NAME_ALERT at https://articles.burbankleader.com/2011-10-19/the818now/tn-blr-1019-bob-hope-autistic-boy_1_bob-hope-airport-autistic-boy-lutz at https://articles.burbankleader.com/2011-10-19/the818now/tn-blr-1019-bob-hope-autistic-boy_1_bob-hope-airport-autistic-boy-lutz | SSL Bypass: Navigation failed (fallback too): net::ERR_SSL_UNRECOGNIZED_NAME_ALERT at https://www.articles.burbankleader.com/2011-10-19/the818now/tn-blr-1019-bob-hope-autistic-boy_1_bob-hope-airport-autistic-boy-lutz at https://www.articles.burbankleader.com/2011-10-19/the818now/tn-blr-1019-bob-hope-autistic-boy_1_bob-hope-airport-autistic-boy-lutz | SSL Bypass: Navigation failed (fallback too): Navigation timeout of 60000 ms exceeded at https://articles.burbankleader.com/2011-10-19/the818now/tn-blr-1019-bob-hope-autistic-boy_1_bob-hope-airport-autistic-boy-lutz
https://www.articles.burbankleader.com/2010-08-18/news/tn-blr-prostitutes-20100818_1_prostitution-vice-arrests-vice-related,Try: Navigation failed (fallback too): net::ERR_SSL_UNRECOGNIZED_NAME_ALERT at https://www.articles.burbankleader.com/2010-08-18/news/tn-blr-prostitutes-20100818_1_prostitution-vice-arrests-vice-related at https://www.articles.burbankleader.com/2010-08-18/news/tn-blr-prostitutes-20100818_1_prostitution-vice-arrests-vice-related | Try: Navigation failed (fallback too): net::ERR_SSL_UNRECOGNIZED_NAME_ALERT at https://articles.burbankleader.com/2010-08-18/news/tn-blr-prostitutes-20100818_1_prostitution-vice-arrests-vice-related at https://articles.burbankleader.com/2010-08-18/news/tn-blr-prostitutes-20100818_1_prostitution-vice-arrests-vice-related | SSL Bypass: Navigation failed (fallback too): net::ERR_SSL_UNRECOGNIZED_NAME_ALERT at https://www.articles.burbankleader.com/2010-08-18/news/tn-blr-prostitutes-20100818_1_prostitution-vice-arrests-vice-related at https://www.articles.burbankleader.com/2010-08-18/news/tn-blr-prostitutes-20100818_1_prostitution-vice-arrests-vice-related | SSL Bypass: Navigation failed (fallback too): Navigation timeout of 60000 ms exceeded at https://articles.burbankleader.com/2010-08-18/news/tn-blr-prostitutes-20100818_1_prostitution-vice-arrests-vice-related
https://www.articles.burbankleader.com/keyword/city-clerk,Try: Navigation failed (fallback too): net::ERR_SSL_UNRECOGNIZED_NAME_ALERT at https://www.articles.burbankleader.com/keyword/city-clerk at https://www.articles.burbankleader.com/keyword/city-clerk | Try: Navigation failed (fallback too): net::ERR_SSL_UNRECOGNIZED_NAME_ALERT at https://articles.burbankleader.com/keyword/city-clerk at https://articles.burbankleader.com/keyword/city-clerk | SSL Bypass: Navigation failed (fallback too): net::ERR_SSL_UNRECOGNIZED_NAME_ALERT at https://www.articles.burbankleader.com/keyword/city-clerk at https://www.articles.burbankleader.com/keyword/city-clerk | SSL Bypass: Navigation failed (fallback too): Navigation timeout of 60000 ms exceeded at https://articles.burbankleader.com/keyword/city-clerk
https://www.articles.burbankleader.com/keyword/middle-school,Try: Navigation failed (fallback too): net::ERR_SSL_UNRECOGNIZED_NAME_ALERT at https://www.articles.burbankleader.com/keyword/middle-school at https://www.articles.burbankleader.com/keyword/middle-school | Try: Navigation failed (fallback too): net::ERR_SSL_UNRECOGNIZED_NAME_ALERT at https://articles.burbankleader.com/keyword/middle-school at https://articles.burbankleader.com/keyword/middle-school | SSL Bypass: Navigation failed (fallback too): net::ERR_SSL_UNRECOGNIZED_NAME_ALERT at https://www.articles.burbankleader.com/keyword/middle-school at https://www.articles.burbankleader.com/keyword/middle-school | SSL Bypass: Navigation failed (fallback too): Navigation timeout of 60000 ms exceeded at https://articles.burbankleader.com/keyword/middle-school
https://www.articles.glendalenewspress.com/2002-06-22/news/export26844_1_gary-anderson-heather-aitken-elisabeth-anderson,Try: Navigation failed (fallback too): net::ERR_SSL_UNRECOGNIZED_NAME_ALERT at https://www.articles.glendalenewspress.com/2002-06-22/news/export26844_1_gary-anderson-heather-aitken-elisabeth-anderson at https://www.articles.glendalenewspress.com/2002-06-22/news/export26844_1_gary-anderson-heather-aitken-elisabeth-anderson | Try: Navigation failed (fallback too): net::ERR_SSL_UNRECOGNIZED_NAME_ALERT at https://articles.glendalenewspress.com/2002-06-22/news/export26844_1_gary-anderson-heather-aitken-elisabeth-anderson at https://articles.glendalenewspress.com/2002-06-22/news/export26844_1_gary-anderson-heather-aitken-elisabeth-anderson | SSL Bypass: Navigation failed (fallback too): net::ERR_SSL_UNRECOGNIZED_NAME_ALERT at https://www.articles.glendalenewspress.com/2002-06-22/news/export26844_1_gary-anderson-heather-aitken-elisabeth-anderson at https://www.articles.glendalenewspress.com/2002-06-22/news/export26844_1_gary-anderson-heather-aitken-elisabeth-anderson | SSL Bypass: Navigation failed (fallback too): net::ERR_SSL_UNRECOGNIZED_NAME_ALERT at https://articles.glendalenewspress.com/2002-06-22/news/export26844_1_gary-anderson-heather-aitken-elisabeth-anderson at https://articles.glendalenewspress.com/2002-06-22/news/export26844_1_gary-anderson-heather-aitken-elisabeth-anderson
https://www.articles.glendalenewspress.com/2011-11-08/news/tn-gnp-bob-hope-airport-numbers_1_passenger-numbers-bob-hope-airport-flights,Try: Navigation failed (fallback too): net::ERR_SSL_UNRECOGNIZED_NAME_ALERT at https://www.articles.glendalenewspress.com/2011-11-08/news/tn-gnp-bob-hope-airport-numbers_1_passenger-numbers-bob-hope-airport-flights at https://www.articles.glendalenewspress.com/2011-11-08/news/tn-gnp-bob-hope-airport-numbers_1_passenger-numbers-bob-hope-airport-flights | Try: Navigation failed (fallback too): net::ERR_SSL_UNRECOGNIZED_NAME_ALERT at https://articles.glendalenewspress.com/2011-11-08/news/tn-gnp-bob-hope-airport-numbers_1_passenger-numbers-bob-hope-airport-flights at https://articles.glendalenewspress.com/2011-11-08/news/tn-gnp-bob-hope-airport-numbers_1_passenger-numbers-bob-hope-airport-flights | SSL Bypass: Navigation failed (fallback too): net::ERR_SSL_UNRECOGNIZED_NAME_ALERT at https://www.articles.glendalenewspress.com/2011-11-08/news/tn-gnp-bob-hope-airport-numbers_1_passenger-numbers-bob-hope-airport-flights at https://www.articles.glendalenewspress.com/2011-11-08/news/tn-gnp-bob-hope-airport-numbers_1_passenger-numbers-bob-hope-airport-flights | SSL Bypass: Navigation failed (fallback too): net::ERR_SSL_UNRECOGNIZED_NAME_ALERT at https://articles.glendalenewspress.com/2011-11-08/news/tn-gnp-bob-hope-airport-numbers_1_passenger-numbers-bob-hope-airport-flights at https://articles.glendalenewspress.com/2011-11-08/news/tn-gnp-bob-hope-airport-numbers_1_passenger-numbers-bob-hope-airport-flights
https://www.articles.glendalenewspress.com/keyword/chris-davis,Try: Navigation failed (fallback too): net::ERR_SSL_UNRECOGNIZED_NAME_ALERT at https://www.articles.glendalenewspress.com/keyword/chris-davis at https://www.articles.glendalenewspress.com/keyword/chris-davis | Try: Navigation failed (fallback too): net::ERR_SSL_UNRECOGNIZED_NAME_ALERT at https://articles.glendalenewspress.com/keyword/chris-davis at https://articles.glendalenewspress.com/keyword/chris-davis | SSL Bypass: Navigation failed (fallback too): net::ERR_SSL_UNRECOGNIZED_NAME_ALERT at https://www.articles.glendalenewspress.com/keyword/chris-davis at https://www.articles.glendalenewspress.com/keyword/chris-davis | SSL Bypass: Navigation failed (fallback too): net::ERR_SSL_UNRECOGNIZED_NAME_ALERT at https://articles.glendalenewspress.com/keyword/chris-davis at https://articles.glendalenewspress.com/keyword/chris-davis
https://www.articles.gourt.com/en/British%20Columbia,Try: Navigation failed (fallback too): net::ERR_SSL_UNRECOGNIZED_NAME_ALERT at https://www.articles.gourt.com/en/British%20Columbia at https://www.articles.gourt.com/en/British%20Columbia | Try: Navigation failed (fallback too): net::ERR_SSL_UNRECOGNIZED_NAME_ALERT at https://articles.gourt.com/en/British%20Columbia at https://articles.gourt.com/en/British%20Columbia | SSL Bypass: Navigation failed (fallback too): net::ERR_SSL_UNRECOGNIZED_NAME_ALERT at https://www.articles.gourt.com/en/British%20Columbia at https://www.articles.gourt.com/en/British%20Columbia | SSL Bypass: Navigation failed (fallback too): net::ERR_SSL_UNRECOGNIZED_NAME_ALERT at https://articles.gourt.com/en/British%20Columbia at https://articles.gourt.com/en/British%20Columbia
https://www.articles.gourt.com/en/United%20States,Try: Navigation failed (fallback too): net::ERR_SSL_UNRECOGNIZED_NAME_ALERT at https://www.articles.gourt.com/en/United%20States at https://www.articles.gourt.com/en/United%20States | Try: Navigation failed (fallback too): net::ERR_SSL_UNRECOGNIZED_NAME_ALERT at https://articles.gourt.com/en/United%20States at https://articles.gourt.com/en/United%20States | SSL Bypass: Navigation failed (fallback too): net::ERR_SSL_UNRECOGNIZED_NAME_ALERT at https://www.articles.gourt.com/en/United%20States at https://www.articles.gourt.com/en/United%20States | SSL Bypass: Navigation failed (fallback too): net::ERR_SSL_UNRECOGNIZED_NAME_ALERT at https://articles.gourt.com/en/United%20States at https://articles.gourt.com/en/United%20States
,
https://www.audrye-sessions.thelyricarchive.com/,"- Try: Navigation failed (fallback too): net::ERR_CONNECTION_REFUSED at https://www.audrye-sessions.thelyricarchive.com/ at https://www.audrye-sessions.thelyricarchive.com/
- Try: Navigation failed (fallback too): net::ERR_CONNECTION_REFUSED at https://audrye-sessions.thelyricarchive.com/ at https://audrye-sessions.thelyricarchive.com/
- SSL Bypass: Navigation failed (fallback too): net::ERR_CONNECTION_REFUSED at https://www.audrye-sessions.thelyricarchive.com/ at https://www.audrye-sessions.thelyricarchive.com/
- SSL Bypass: Navigation failed (fallback too): net::ERR_CONNECTION_REFUSED at https://audrye-sessions.thelyricarchive.com/ at https://audrye-sessions.thelyricarchive.com/
- ScraperAPI (fallback): Navigation failed (fallback too): net::ERR_BLOCKED_BY_CLIENT at http://api.scraperapi.com/?api_key=6f976c18de966213f8eb1a8833452180&url=https%3A%2F%2Fwww.audrye-sessions.thelyricarchive.com%2F at https://www.audrye-sessions.thelyricarchive.com/
- ScraperAPI (fallback): Navigation failed (fallback too): net::ERR_BLOCKED_BY_CLIENT at http://api.scraperapi.com/?api_key=6f976c18de966213f8eb1a8833452180&url=https%3A%2F%2Faudrye-sessions.thelyricarchive.com%2F at https://audrye-sessions.thelyricarchive.com/
- ScraperAPI (fallback): Navigation failed (fallback too): net::ERR_BLOCKED_BY_CLIENT at http://api.scraperapi.com/?api_key=6f976c18de966213f8eb1a8833452180&url=https%3A%2F%2Fwww.audrye-sessions.thelyricarchive.com%2F at https://www.audrye-sessions.thelyricarchive.com/
- ScraperAPI (fallback): Navigation failed (fallback too): net::ERR_BLOCKED_BY_CLIENT at http://api.scraperapi.com/?api_key=6f976c18de966213f8eb1a8833452180&url=https%3A%2F%2Faudrye-sessions.thelyricarchive.com%2F at https://audrye-sessions.thelyricarchive.com/"
https://www.augustahotels.net/,"- Try: Navigation failed (fallback too): net::ERR_CONNECTION_TIMED_OUT at https://www.augustahotels.net/ at https://www.augustahotels.net/
- Try: Navigation failed (fallback too): net::ERR_CONNECTION_TIMED_OUT at https://augustahotels.net/ at https://augustahotels.net/
- SSL Bypass: Navigation failed (fallback too): net::ERR_CONNECTION_TIMED_OUT at https://www.augustahotels.net/ at https://www.augustahotels.net/
- SSL Bypass: Navigation failed (fallback too): net::ERR_CONNECTION_TIMED_OUT at https://augustahotels.net/ at https://augustahotels.net/"
https://www.attractions.uptake.com/quebec/montreal/gay_village_8043602.html,"- Try: Navigation failed (fallback too): net::ERR_NAME_NOT_RESOLVED at https://www.attractions.uptake.com/quebec/montreal/gay_village_8043602.html at https://www.attractions.uptake.com/quebec/montreal/gay_village_8043602.html
- Try: Navigation failed (fallback too): net::ERR_NAME_NOT_RESOLVED at https://attractions.uptake.com/quebec/montreal/gay_village_8043602.html at https://attractions.uptake.com/quebec/montreal/gay_village_8043602.html
- SSL Bypass: Navigation failed (fallback too): net::ERR_NAME_NOT_RESOLVED at https://www.attractions.uptake.com/quebec/montreal/gay_village_8043602.html at https://www.attractions.uptake.com/quebec/montreal/gay_village_8043602.html
- SSL Bypass: Navigation failed (fallback too): net::ERR_NAME_NOT_RESOLVED at https://attractions.uptake.com/quebec/montreal/gay_village_8043602.html at https://attractions.uptake.com/quebec/montreal/gay_village_8043602.html"
https://www.attractions.uptake.com/quebec/montreal/infotouriste_centre_8043476.html,"- Try: Navigation failed (fallback too): net::ERR_NAME_NOT_RESOLVED at https://www.attractions.uptake.com/quebec/montreal/infotouriste_centre_8043476.html at https://www.attractions.uptake.com/quebec/montreal/infotouriste_centre_8043476.html
- Try: Navigation failed (fallback too): net::ERR_NAME_NOT_RESOLVED at https://attractions.uptake.com/quebec/montreal/infotouriste_centre_8043476.html at https://attractions.uptake.com/quebec/montreal/infotouriste_centre_8043476.html
- SSL Bypass: Navigation failed (fallback too): net::ERR_NAME_NOT_RESOLVED at https://www.attractions.uptake.com/quebec/montreal/infotouriste_centre_8043476.html at https://www.attractions.uptake.com/quebec/montreal/infotouriste_centre_8043476.html
- SSL Bypass: Navigation failed (fallback too): net::ERR_NAME_NOT_RESOLVED at https://attractions.uptake.com/quebec/montreal/infotouriste_centre_8043476.html at https://attractions.uptake.com/quebec/montreal/infotouriste_centre_8043476.html"
https://www.attractions.uptake.com/rhode_island/newport/449439395.html,"- Try: Navigation failed (fallback too): net::ERR_NAME_NOT_RESOLVED at https://www.attractions.uptake.com/rhode_island/newport/449439395.html at https://www.attractions.uptake.com/rhode_island/newport/449439395.html
- Try: Navigation failed (fallback too): net::ERR_NAME_NOT_RESOLVED at https://attractions.uptake.com/rhode_island/newport/449439395.html at https://attractions.uptake.com/rhode_island/newport/449439395.html
- SSL Bypass: Navigation failed (fallback too): net::ERR_NAME_NOT_RESOLVED at https://www.attractions.uptake.com/rhode_island/newport/449439395.html at https://www.attractions.uptake.com/rhode_island/newport/449439395.html
- SSL Bypass: Navigation failed (fallback too): net::ERR_NAME_NOT_RESOLVED at https://attractions.uptake.com/rhode_island/newport/449439395.html at https://attractions.uptake.com/rhode_island/newport/449439395.html"
https://www.attractions.uptake.com/south_carolina.html,"- Try: Navigation failed (fallback too): net::ERR_NAME_NOT_RESOLVED at https://www.attractions.uptake.com/south_carolina.html at https://www.attractions.uptake.com/south_carolina.html
- Try: Navigation failed (fallback too): net::ERR_NAME_NOT_RESOLVED at https://attractions.uptake.com/south_carolina.html at https://attractions.uptake.com/south_carolina.html
- SSL Bypass: Navigation failed (fallback too): net::ERR_NAME_NOT_RESOLVED at https://www.attractions.uptake.com/south_carolina.html at https://www.attractions.uptake.com/south_carolina.html
- SSL Bypass: Navigation failed (fallback too): net::ERR_NAME_NOT_RESOLVED at https://attractions.uptake.com/south_carolina.html at https://attractions.uptake.com/south_carolina.html"
https://www.attractions.uptake.com/swimming/quebec/alma/piscine_du_centre_mario_tremblay_38544952.html,"- Try: Navigation failed (fallback too): net::ERR_NAME_NOT_RESOLVED at https://www.attractions.uptake.com/swimming/quebec/alma/piscine_du_centre_mario_tremblay_38544952.html at https://www.attractions.uptake.com/swimming/quebec/alma/piscine_du_centre_mario_tremblay_38544952.html
- Try: Navigation failed (fallback too): net::ERR_NAME_NOT_RESOLVED at https://attractions.uptake.com/swimming/quebec/alma/piscine_du_centre_mario_tremblay_38544952.html at https://attractions.uptake.com/swimming/quebec/alma/piscine_du_centre_mario_tremblay_38544952.html
- SSL Bypass: Navigation failed (fallback too): net::ERR_NAME_NOT_RESOLVED at https://www.attractions.uptake.com/swimming/quebec/alma/piscine_du_centre_mario_tremblay_38544952.html at https://www.attractions.uptake.com/swimming/quebec/alma/piscine_du_centre_mario_tremblay_38544952.html
- SSL Bypass: Navigation failed (fallback too): net::ERR_NAME_NOT_RESOLVED at https://attractions.uptake.com/swimming/quebec/alma/piscine_du_centre_mario_tremblay_38544952.html at https://attractions.uptake.com/swimming/quebec/alma/piscine_du_centre_mario_tremblay_38544952.html"
https://www.attractions.uptake.com/texas/albany/172326872.html,"- Try: Navigation failed (fallback too): net::ERR_NAME_NOT_RESOLVED at https://www.attractions.uptake.com/texas/albany/172326872.html at https://www.attractions.uptake.com/texas/albany/172326872.html
- Try: Navigation failed (fallback too): net::ERR_NAME_NOT_RESOLVED at https://attractions.uptake.com/texas/albany/172326872.html at https://attractions.uptake.com/texas/albany/172326872.html
- SSL Bypass: Navigation failed (fallback too): net::ERR_NAME_NOT_RESOLVED at https://www.attractions.uptake.com/texas/albany/172326872.html at https://www.attractions.uptake.com/texas/albany/172326872.html
- SSL Bypass: Navigation failed (fallback too): net::ERR_NAME_NOT_RESOLVED at https://attractions.uptake.com/texas/albany/172326872.html at https://attractions.uptake.com/texas/albany/172326872.html"
https://www.attractions.uptake.com/texas/barksdale/don_juan_drive_in_42634143.html,"- Try: Navigation failed (fallback too): net::ERR_NAME_NOT_RESOLVED at https://www.attractions.uptake.com/texas/barksdale/don_juan_drive_in_42634143.html at https://www.attractions.uptake.com/texas/barksdale/don_juan_drive_in_42634143.html
- Try: Navigation failed (fallback too): net::ERR_NAME_NOT_RESOLVED at https://attractions.uptake.com/texas/barksdale/don_juan_drive_in_42634143.html at https://attractions.uptake.com/texas/barksdale/don_juan_drive_in_42634143.html
- SSL Bypass: Navigation failed (fallback too): net::ERR_NAME_NOT_RESOLVED at https://www.attractions.uptake.com/texas/barksdale/don_juan_drive_in_42634143.html at https://www.attractions.uptake.com/texas/barksdale/don_juan_drive_in_42634143.html
- SSL Bypass: Navigation failed (fallback too): net::ERR_NAME_NOT_RESOLVED at https://attractions.uptake.com/texas/barksdale/don_juan_drive_in_42634143.html at https://attractions.uptake.com/texas/barksdale/don_juan_drive_in_42634143.html"
https://www.attractions.uptake.com/virginia/fairfax/629214874.html,"- Try: Navigation failed (fallback too): net::ERR_NAME_NOT_RESOLVED at https://www.attractions.uptake.com/virginia/fairfax/629214874.html at https://www.attractions.uptake.com/virginia/fairfax/629214874.html
- Try: Navigation failed (fallback too): net::ERR_NAME_NOT_RESOLVED at https://attractions.uptake.com/virginia/fairfax/629214874.html at https://attractions.uptake.com/virginia/fairfax/629214874.html
- SSL Bypass: Navigation failed (fallback too): net::ERR_NAME_NOT_RESOLVED at https://www.attractions.uptake.com/virginia/fairfax/629214874.html at https://www.attractions.uptake.com/virginia/fairfax/629214874.html
- SSL Bypass: Navigation failed (fallback too): net::ERR_NAME_NOT_RESOLVED at https://attractions.uptake.com/virginia/fairfax/629214874.html at https://attractions.uptake.com/virginia/fairfax/629214874.html"
https://www.attractions.uptake.com/virginia/newbern/759159834.html,"- Try: Navigation failed (fallback too): net::ERR_NAME_NOT_RESOLVED at https://www.attractions.uptake.com/virginia/newbern/759159834.html at https://www.attractions.uptake.com/virginia/newbern/759159834.html
- Try: Navigation failed (fallback too): net::ERR_NAME_NOT_RESOLVED at https://attractions.uptake.com/virginia/newbern/759159834.html at https://attractions.uptake.com/virginia/newbern/759159834.html
- SSL Bypass: Navigation failed (fallback too): net::ERR_NAME_NOT_RESOLVED at https://www.attractions.uptake.com/virginia/newbern/759159834.html at https://www.attractions.uptake.com/virginia/newbern/759159834.html
- SSL Bypass: Navigation failed (fallback too): net::ERR_NAME_NOT_RESOLVED at https://attractions.uptake.com/virginia/newbern/759159834.html at https://attractions.uptake.com/virginia/newbern/759159834.html"
https://www.attractions.uptake.com/washington/maple_valley/510118392.html,"- Try: Navigation failed (fallback too): net::ERR_NAME_NOT_RESOLVED at https://www.attractions.uptake.com/washington/maple_valley/510118392.html at https://www.attractions.uptake.com/washington/maple_valley/510118392.html
- Try: Navigation failed (fallback too): net::ERR_NAME_NOT_RESOLVED at https://attractions.uptake.com/washington/maple_valley/510118392.html at https://attractions.uptake.com/washington/maple_valley/510118392.html
- SSL Bypass: Navigation failed (fallback too): net::ERR_NAME_NOT_RESOLVED at https://www.attractions.uptake.com/washington/maple_valley/510118392.html at https://www.attractions.uptake.com/washington/maple_valley/510118392.html
- SSL Bypass: Navigation failed (fallback too): net::ERR_NAME_NOT_RESOLVED at https://attractions.uptake.com/washington/maple_valley/510118392.html at https://attractions.uptake.com/washington/maple_valley/510118392.html"
https://www.attractions.uptake.com/zoos_aquariums/missouri/kansas_city/712285051.html,"- Try: Navigation failed (fallback too): net::ERR_NAME_NOT_RESOLVED at https://www.attractions.uptake.com/zoos_aquariums/missouri/kansas_city/712285051.html at https://www.attractions.uptake.com/zoos_aquariums/missouri/kansas_city/712285051.html
- Try: Navigation failed (fallback too): net::ERR_NAME_NOT_RESOLVED at https://attractions.uptake.com/zoos_aquariums/missouri/kansas_city/712285051.html at https://attractions.uptake.com/zoos_aquariums/missouri/kansas_city/712285051.html
- SSL Bypass: Navigation failed (fallback too): net::ERR_NAME_NOT_RESOLVED at https://www.attractions.uptake.com/zoos_aquariums/missouri/kansas_city/712285051.html at https://www.attractions.uptake.com/zoos_aquariums/missouri/kansas_city/712285051.html
- SSL Bypass: Navigation failed (fallback too): net::ERR_NAME_NOT_RESOLVED at https://attractions.uptake.com/zoos_aquariums/missouri/kansas_city/712285051.html at https://attractions.uptake.com/zoos_aquariums/missouri/kansas_city/712285051.html"
https://www.attractions.uptake.com/zoos_aquariums/quebec/montreal/the_montr_al_biod_me_8065734.html,"- Try: Navigation failed (fallback too): net::ERR_NAME_NOT_RESOLVED at https://www.attractions.uptake.com/zoos_aquariums/quebec/montreal/the_montr_al_biod_me_8065734.html at https://www.attractions.uptake.com/zoos_aquariums/quebec/montreal/the_montr_al_biod_me_8065734.html
- Try: Navigation failed (fallback too): net::ERR_NAME_NOT_RESOLVED at https://attractions.uptake.com/zoos_aquariums/quebec/montreal/the_montr_al_biod_me_8065734.html at https://attractions.uptake.com/zoos_aquariums/quebec/montreal/the_montr_al_biod_me_8065734.html
- SSL Bypass: Navigation failed (fallback too): net::ERR_NAME_NOT_RESOLVED at https://www.attractions.uptake.com/zoos_aquariums/quebec/montreal/the_montr_al_biod_me_8065734.html at https://www.attractions.uptake.com/zoos_aquariums/quebec/montreal/the_montr_al_biod_me_8065734.html
- SSL Bypass: Navigation failed (fallback too): net::ERR_NAME_NOT_RESOLVED at https://attractions.uptake.com/zoos_aquariums/quebec/montreal/the_montr_al_biod_me_8065734.html at https://attractions.uptake.com/zoos_aquariums/quebec/montreal/the_montr_al_biod_me_8065734.html"
https://www.atung.net/,"- Try: Navigation failed (fallback too): net::ERR_NAME_NOT_RESOLVED at https://www.atung.net/ at https://www.atung.net/
- Try: Navigation failed (fallback too): net::ERR_NAME_NOT_RESOLVED at https://atung.net/ at https://atung.net/
- SSL Bypass: Navigation failed (fallback too): net::ERR_NAME_NOT_RESOLVED at https://www.atung.net/ at https://www.atung.net/
- SSL Bypass: Navigation failed (fallback too): net::ERR_NAME_NOT_RESOLVED at https://atung.net/ at https://atung.net/"
https://www.atuttoritmo.bloog.it/garrett-backstrom-2.html,"- Try: Navigation failed (fallback too): net::ERR_NAME_NOT_RESOLVED at https://www.atuttoritmo.bloog.it/garrett-backstrom-2.html at https://www.atuttoritmo.bloog.it/garrett-backstrom-2.html
- Try: Navigation failed (fallback too): net::ERR_NAME_NOT_RESOLVED at https://atuttoritmo.bloog.it/garrett-backstrom-2.html at https://atuttoritmo.bloog.it/garrett-backstrom-2.html
- SSL Bypass: Navigation failed (fallback too): net::ERR_NAME_NOT_RESOLVED at https://www.atuttoritmo.bloog.it/garrett-backstrom-2.html at https://www.atuttoritmo.bloog.it/garrett-backstrom-2.html
- SSL Bypass: Navigation failed (fallback too): net::ERR_NAME_NOT_RESOLVED at https://atuttoritmo.bloog.it/garrett-backstrom-2.html at https://atuttoritmo.bloog.it/garrett-backstrom-2.html"
https://www.atwatercrossingkitchen.com/,"- Try: Navigation failed (fallback too): net::ERR_NAME_NOT_RESOLVED at https://www.atwatercrossingkitchen.com/ at https://www.atwatercrossingkitchen.com/
- Try: Navigation failed (fallback too): net::ERR_NAME_NOT_RESOLVED at https://atwatercrossingkitchen.com/ at https://atwatercrossingkitchen.com/
- SSL Bypass: Navigation failed (fallback too): net::ERR_NAME_NOT_RESOLVED at https://www.atwatercrossingkitchen.com/ at https://www.atwatercrossingkitchen.com/
- SSL Bypass: Navigation failed (fallback too): net::ERR_NAME_NOT_RESOLVED at https://atwatercrossingkitchen.com/ at https://atwatercrossingkitchen.com/"
https://www.au.alibaba.com/products/carbon-black-liquid.html,"- Try: Navigation failed (fallback too): net::ERR_NAME_NOT_RESOLVED at https://www.au.alibaba.com/products/carbon-black-liquid.html at https://www.au.alibaba.com/products/carbon-black-liquid.html
- Try: Navigation failed (fallback too): net::ERR_NAME_NOT_RESOLVED at https://au.alibaba.com/products/carbon-black-liquid.html at https://au.alibaba.com/products/carbon-black-liquid.html
- SSL Bypass: Navigation failed (fallback too): net::ERR_NAME_NOT_RESOLVED at https://www.au.alibaba.com/products/carbon-black-liquid.html at https://www.au.alibaba.com/products/carbon-black-liquid.html
- SSL Bypass: Navigation failed (fallback too): net::ERR_NAME_NOT_RESOLVED at https://au.alibaba.com/products/carbon-black-liquid.html at https://au.alibaba.com/products/carbon-black-liquid.html"
https://www.au.autodesk.com/,"- Try: Navigation failed (fallback too): net::ERR_NAME_NOT_RESOLVED at https://www.au.autodesk.com/ at https://www.au.autodesk.com/
- Try: Navigation failed (fallback too): net::ERR_NAME_NOT_RESOLVED at https://au.autodesk.com/ at https://au.autodesk.com/
- SSL Bypass: Navigation failed (fallback too): net::ERR_NAME_NOT_RESOLVED at https://www.au.autodesk.com/ at https://www.au.autodesk.com/
- SSL Bypass: Navigation failed (fallback too): net::ERR_NAME_NOT_RESOLVED at https://au.autodesk.com/ at https://au.autodesk.com/"
https://www.au.autodesk.com/?nd=au2011_autodesk_certification_exams,"- Try: Navigation failed (fallback too): net::ERR_NAME_NOT_RESOLVED at https://www.au.autodesk.com/?nd=au2011_autodesk_certification_exams at https://www.au.autodesk.com/?nd=au2011_autodesk_certification_exams
- Try: Navigation failed (fallback too): net::ERR_NAME_NOT_RESOLVED at https://au.autodesk.com/?nd=au2011_autodesk_certification_exams at https://au.autodesk.com/?nd=au2011_autodesk_certification_exams
- SSL Bypass: Navigation failed (fallback too): net::ERR_NAME_NOT_RESOLVED at https://www.au.autodesk.com/?nd=au2011_autodesk_certification_exams at https://www.au.autodesk.com/?nd=au2011_autodesk_certification_exams
- SSL Bypass: Navigation failed (fallback too): net::ERR_NAME_NOT_RESOLVED at https://au.autodesk.com/?nd=au2011_autodesk_certification_exams at https://au.autodesk.com/?nd=au2011_autodesk_certification_exams"
https://www.au.autodesk.com/?nd=class&tagent=tl0109,"- Try: Navigation failed (fallback too): net::ERR_NAME_NOT_RESOLVED at https://www.au.autodesk.com/?nd=class&tagent=tl0109 at https://www.au.autodesk.com/?nd=class&tagent=tl0109
- Try: Navigation failed (fallback too): net::ERR_NAME_NOT_RESOLVED at https://au.autodesk.com/?nd=class&tagent=tl0109 at https://au.autodesk.com/?nd=class&tagent=tl0109
- SSL Bypass: Navigation failed (fallback too): net::ERR_NAME_NOT_RESOLVED at https://www.au.autodesk.com/?nd=class&tagent=tl0109 at https://www.au.autodesk.com/?nd=class&tagent=tl0109
- SSL Bypass: Navigation failed (fallback too): net::ERR_NAME_NOT_RESOLVED at https://au.autodesk.com/?nd=class&tagent=tl0109 at https://au.autodesk.com/?nd=class&tagent=tl0109"
https://www.au.autodesk.com/?nd=event2009,"- Try: Navigation failed (fallback too): net::ERR_NAME_NOT_RESOLVED at https://www.au.autodesk.com/?nd=event2009 at https://www.au.autodesk.com/?nd=event2009
- Try: Navigation failed (fallback too): net::ERR_NAME_NOT_RESOLVED at https://au.autodesk.com/?nd=event2009 at https://au.autodesk.com/?nd=event2009
- SSL Bypass: Navigation failed (fallback too): net::ERR_NAME_NOT_RESOLVED at https://www.au.autodesk.com/?nd=event2009 at https://www.au.autodesk.com/?nd=event2009
- SSL Bypass: Navigation failed (fallback too): net::ERR_NAME_NOT_RESOLVED at https://au.autodesk.com/?nd=event2009 at https://au.autodesk.com/?nd=event2009"
https://www.au.playstation.com/,"- Try: Navigation failed (fallback too): net::ERR_NAME_NOT_RESOLVED at https://www.au.playstation.com/ at https://www.au.playstation.com/
- Try: Navigation failed (fallback too): net::ERR_NAME_NOT_RESOLVED at https://au.playstation.com/ at https://au.playstation.com/
- SSL Bypass: Navigation failed (fallback too): net::ERR_NAME_NOT_RESOLVED at https://www.au.playstation.com/ at https://www.au.playstation.com/
- SSL Bypass: Navigation failed (fallback too): net::ERR_NAME_NOT_RESOLVED at https://au.playstation.com/ at https://au.playstation.com/"
https://www.au.playstation.com/ps3/,"- Try: Navigation failed (fallback too): net::ERR_NAME_NOT_RESOLVED at https://www.au.playstation.com/ps3/ at https://www.au.playstation.com/ps3/
- Try: Navigation failed (fallback too): net::ERR_NAME_NOT_RESOLVED at https://au.playstation.com/ps3/ at https://au.playstation.com/ps3/
- SSL Bypass: Navigation failed (fallback too): net::ERR_NAME_NOT_RESOLVED at https://www.au.playstation.com/ps3/ at https://www.au.playstation.com/ps3/
- SSL Bypass: Navigation failed (fallback too): net::ERR_NAME_NOT_RESOLVED at https://au.playstation.com/ps3/ at https://au.playstation.com/ps3/"
https://www.au.shopping.com/immigration-records/products,"- Try: Navigation failed (fallback too): net::ERR_NAME_NOT_RESOLVED at https://www.au.shopping.com/immigration-records/products at https://www.au.shopping.com/immigration-records/products
- Try: Navigation failed (fallback too): net::ERR_NAME_NOT_RESOLVED at https://au.shopping.com/immigration-records/products at https://au.shopping.com/immigration-records/products
- SSL Bypass: Navigation failed (fallback too): net::ERR_NAME_NOT_RESOLVED at https://www.au.shopping.com/immigration-records/products at https://www.au.shopping.com/immigration-records/products
- SSL Bypass: Navigation failed (fallback too): net::ERR_NAME_NOT_RESOLVED at https://au.shopping.com/immigration-records/products at https://au.shopping.com/immigration-records/products"
https://www.auburnsae.com/,"- Try: Navigation failed (fallback too): net::ERR_NAME_NOT_RESOLVED at https://www.auburnsae.com/ at https://www.auburnsae.com/
- Try: Navigation failed (fallback too): net::ERR_NAME_NOT_RESOLVED at https://auburnsae.com/ at https://auburnsae.com/
- SSL Bypass: Navigation failed (fallback too): net::ERR_NAME_NOT_RESOLVED at https://www.auburnsae.com/ at https://www.auburnsae.com/
- SSL Bypass: Navigation failed (fallback too): net::ERR_NAME_NOT_RESOLVED at https://auburnsae.com/ at https://auburnsae.com/"
https://www.auction.repomax.biz/details.cfm?ID=655786,"- Try: Navigation failed (fallback too): net::ERR_NAME_NOT_RESOLVED at https://www.auction.repomax.biz/details.cfm?ID=655786 at https://www.auction.repomax.biz/details.cfm?ID=655786
- Try: Navigation failed (fallback too): net::ERR_NAME_NOT_RESOLVED at https://auction.repomax.biz/details.cfm?ID=655786 at https://auction.repomax.biz/details.cfm?ID=655786
- SSL Bypass: Navigation failed (fallback too): net::ERR_NAME_NOT_RESOLVED at https://www.auction.repomax.biz/details.cfm?ID=655786 at https://www.auction.repomax.biz/details.cfm?ID=655786
- SSL Bypass: Navigation failed (fallback too): net::ERR_NAME_NOT_RESOLVED at https://auction.repomax.biz/details.cfm?ID=655786 at https://auction.repomax.biz/details.cfm?ID=655786"
https://www.auden.stanford.edu/cgi-bin/auden/individual.php?pid=I2648&ged=auden-bicknell.ged,"- Try: Navigation failed (fallback too): net::ERR_NAME_NOT_RESOLVED at https://www.auden.stanford.edu/cgi-bin/auden/individual.php?pid=I2648&ged=auden-bicknell.ged at https://www.auden.stanford.edu/cgi-bin/auden/individual.php?pid=I2648&ged=auden-bicknell.ged
- Try: Navigation failed (fallback too): net::ERR_NAME_NOT_RESOLVED at https://auden.stanford.edu/cgi-bin/auden/individual.php?pid=I2648&ged=auden-bicknell.ged at https://auden.stanford.edu/cgi-bin/auden/individual.php?pid=I2648&ged=auden-bicknell.ged
- SSL Bypass: Navigation failed (fallback too): net::ERR_NAME_NOT_RESOLVED at https://www.auden.stanford.edu/cgi-bin/auden/individual.php?pid=I2648&ged=auden-bicknell.ged at https://www.auden.stanford.edu/cgi-bin/auden/individual.php?pid=I2648&ged=auden-bicknell.ged
- SSL Bypass: Navigation failed (fallback too): net::ERR_NAME_NOT_RESOLVED at https://auden.stanford.edu/cgi-bin/auden/individual.php?pid=I2648&ged=auden-bicknell.ged at https://auden.stanford.edu/cgi-bin/auden/individual.php?pid=I2648&ged=auden-bicknell.ged"
https://www.auden.stanford.edu/cgi-bin/auden/individual.php?pid=I896&ged=auden-bicknell.ged,"- Try: Navigation failed (fallback too): net::ERR_NAME_NOT_RESOLVED at https://www.auden.stanford.edu/cgi-bin/auden/individual.php?pid=I896&ged=auden-bicknell.ged at https://www.auden.stanford.edu/cgi-bin/auden/individual.php?pid=I896&ged=auden-bicknell.ged
- Try: Navigation failed (fallback too): net::ERR_NAME_NOT_RESOLVED at https://auden.stanford.edu/cgi-bin/auden/individual.php?pid=I896&ged=auden-bicknell.ged at https://auden.stanford.edu/cgi-bin/auden/individual.php?pid=I896&ged=auden-bicknell.ged
- SSL Bypass: Navigation failed (fallback too): net::ERR_NAME_NOT_RESOLVED at https://www.auden.stanford.edu/cgi-bin/auden/individual.php?pid=I896&ged=auden-bicknell.ged at https://www.auden.stanford.edu/cgi-bin/auden/individual.php?pid=I896&ged=auden-bicknell.ged
- SSL Bypass: Navigation failed (fallback too): net::ERR_NAME_NOT_RESOLVED at https://auden.stanford.edu/cgi-bin/auden/individual.php?pid=I896&ged=auden-bicknell.ged at https://auden.stanford.edu/cgi-bin/auden/individual.php?pid=I896&ged=auden-bicknell.ged"
https://www.audi.saepio.com/,"- Try: Navigation failed (fallback too): net::ERR_NAME_NOT_RESOLVED at https://www.audi.saepio.com/ at https://www.audi.saepio.com/
- Try: Navigation failed (fallback too): net::ERR_NAME_NOT_RESOLVED at https://audi.saepio.com/ at https://audi.saepio.com/
- SSL Bypass: Navigation failed (fallback too): net::ERR_NAME_NOT_RESOLVED at https://www.audi.saepio.com/ at https://www.audi.saepio.com/
- SSL Bypass: Navigation failed (fallback too): net::ERR_NAME_NOT_RESOLVED at https://audi.saepio.com/ at https://audi.saepio.com/"
https://www.audictive.ofadam.com/,"- Try: Navigation failed (fallback too): net::ERR_NAME_NOT_RESOLVED at https://www.audictive.ofadam.com/ at https://www.audictive.ofadam.com/
- Try: Navigation failed (fallback too): net::ERR_NAME_NOT_RESOLVED at https://audictive.ofadam.com/ at https://audictive.ofadam.com/
- SSL Bypass: Navigation failed (fallback too): net::ERR_NAME_NOT_RESOLVED at https://www.audictive.ofadam.com/ at https://www.audictive.ofadam.com/
- SSL Bypass: Navigation failed (fallback too): net::ERR_NAME_NOT_RESOLVED at https://audictive.ofadam.com/ at https://audictive.ofadam.com/"
https://www.audience.withoutabox.com/films/theproposalfilm,"- Try: Navigation failed (fallback too): net::ERR_NAME_NOT_RESOLVED at https://www.audience.withoutabox.com/films/theproposalfilm at https://www.audience.withoutabox.com/films/theproposalfilm
- Try: Navigation failed (fallback too): net::ERR_NAME_NOT_RESOLVED at https://audience.withoutabox.com/films/theproposalfilm at https://audience.withoutabox.com/films/theproposalfilm
- SSL Bypass: Navigation failed (fallback too): net::ERR_NAME_NOT_RESOLVED at https://www.audience.withoutabox.com/films/theproposalfilm at https://www.audience.withoutabox.com/films/theproposalfilm
- SSL Bypass: Navigation failed (fallback too): net::ERR_NAME_NOT_RESOLVED at https://audience.withoutabox.com/films/theproposalfilm at https://audience.withoutabox.com/films/theproposalfilm"
https://www.audilab.bmed.mcgill.ca/~funnell/beer/,"- Try: Navigation failed (fallback too): net::ERR_NAME_NOT_RESOLVED at https://www.audilab.bmed.mcgill.ca/~funnell/beer/ at https://www.audilab.bmed.mcgill.ca/~funnell/beer/
- Try: Navigation failed (fallback too): net::ERR_NAME_NOT_RESOLVED at https://audilab.bmed.mcgill.ca/~funnell/beer/ at https://audilab.bmed.mcgill.ca/~funnell/beer/
- SSL Bypass: Navigation failed (fallback too): net::ERR_NAME_NOT_RESOLVED at https://www.audilab.bmed.mcgill.ca/~funnell/beer/ at https://www.audilab.bmed.mcgill.ca/~funnell/beer/
- SSL Bypass: Navigation failed (fallback too): net::ERR_NAME_NOT_RESOLVED at https://audilab.bmed.mcgill.ca/~funnell/beer/ at https://audilab.bmed.mcgill.ca/~funnell/beer/"
https://www.audiobookvault.ws/?p=14610,"- Try: Navigation failed (fallback too): net::ERR_NAME_NOT_RESOLVED at https://www.audiobookvault.ws/?p=14610 at https://www.audiobookvault.ws/?p=14610
- Try: Navigation failed (fallback too): net::ERR_NAME_NOT_RESOLVED at https://audiobookvault.ws/?p=14610 at https://audiobookvault.ws/?p=14610
- SSL Bypass: Navigation failed (fallback too): net::ERR_NAME_NOT_RESOLVED at https://www.audiobookvault.ws/?p=14610 at https://www.audiobookvault.ws/?p=14610
- SSL Bypass: Navigation failed (fallback too): net::ERR_NAME_NOT_RESOLVED at https://audiobookvault.ws/?p=14610 at https://audiobookvault.ws/?p=14610"
https://www.audiobookvault.ws/?p=6556,"- Try: Navigation failed (fallback too): net::ERR_NAME_NOT_RESOLVED at https://www.audiobookvault.ws/?p=6556 at https://www.audiobookvault.ws/?p=6556
- Try: Navigation failed (fallback too): net::ERR_NAME_NOT_RESOLVED at https://audiobookvault.ws/?p=6556 at https://audiobookvault.ws/?p=6556
- SSL Bypass: Navigation failed (fallback too): net::ERR_NAME_NOT_RESOLVED at https://www.audiobookvault.ws/?p=6556 at https://www.audiobookvault.ws/?p=6556
- SSL Bypass: Navigation failed (fallback too): net::ERR_NAME_NOT_RESOLVED at https://audiobookvault.ws/?p=6556 at https://audiobookvault.ws/?p=6556"
https://www.audio-constructions.com/monstre/monstre.htm,"- Try: Navigation failed (fallback too): net::ERR_NAME_NOT_RESOLVED at https://www.audio-constructions.com/monstre/monstre.htm at https://www.audio-constructions.com/monstre/monstre.htm
- Try: Navigation failed (fallback too): net::ERR_NAME_NOT_RESOLVED at https://audio-constructions.com/monstre/monstre.htm at https://audio-constructions.com/monstre/monstre.htm
- SSL Bypass: Navigation failed (fallback too): net::ERR_NAME_NOT_RESOLVED at https://www.audio-constructions.com/monstre/monstre.htm at https://www.audio-constructions.com/monstre/monstre.htm
- SSL Bypass: Navigation failed (fallback too): net::ERR_NAME_NOT_RESOLVED at https://audio-constructions.com/monstre/monstre.htm at https://audio-constructions.com/monstre/monstre.htm"
https://www.audio-kinetic.com/,"- Try: Navigation failed (fallback too): net::ERR_NAME_NOT_RESOLVED at https://www.audio-kinetic.com/ at https://www.audio-kinetic.com/
- Try: Navigation failed (fallback too): net::ERR_NAME_NOT_RESOLVED at https://audio-kinetic.com/ at https://audio-kinetic.com/
- SSL Bypass: Navigation failed (fallback too): net::ERR_NAME_NOT_RESOLVED at https://www.audio-kinetic.com/ at https://www.audio-kinetic.com/
- SSL Bypass: Navigation failed (fallback too): net::ERR_NAME_NOT_RESOLVED at https://audio-kinetic.com/ at https://audio-kinetic.com/"
https://www.auditions.posterous.com/cleveland-ohio-auditions-actors-and-extras-ca,"- Try: Navigation failed (fallback too): net::ERR_NAME_NOT_RESOLVED at https://www.auditions.posterous.com/cleveland-ohio-auditions-actors-and-extras-ca at https://www.auditions.posterous.com/cleveland-ohio-auditions-actors-and-extras-ca
- Try: Navigation failed (fallback too): net::ERR_NAME_NOT_RESOLVED at https://auditions.posterous.com/cleveland-ohio-auditions-actors-and-extras-ca at https://auditions.posterous.com/cleveland-ohio-auditions-actors-and-extras-ca
- SSL Bypass: Navigation failed (fallback too): net::ERR_NAME_NOT_RESOLVED at https://www.auditions.posterous.com/cleveland-ohio-auditions-actors-and-extras-ca at https://www.auditions.posterous.com/cleveland-ohio-auditions-actors-and-extras-ca
- SSL Bypass: Navigation failed (fallback too): net::ERR_NAME_NOT_RESOLVED at https://auditions.posterous.com/cleveland-ohio-auditions-actors-and-extras-ca at https://auditions.posterous.com/cleveland-ohio-auditions-actors-and-extras-ca"
https://www.auditionsfordisneychannel.net/,"- Try: Navigation failed (fallback too): net::ERR_NAME_NOT_RESOLVED at https://www.auditionsfordisneychannel.net/ at https://www.auditionsfordisneychannel.net/
- Try: Navigation failed (fallback too): net::ERR_NAME_NOT_RESOLVED at https://auditionsfordisneychannel.net/ at https://auditionsfordisneychannel.net/
- SSL Bypass: Navigation failed (fallback too): net::ERR_NAME_NOT_RESOLVED at https://www.auditionsfordisneychannel.net/ at https://www.auditionsfordisneychannel.net/
- SSL Bypass: Navigation failed (fallback too): net::ERR_NAME_NOT_RESOLVED at https://auditionsfordisneychannel.net/ at https://auditionsfordisneychannel.net/"
https://www.audrye-sessions.freedownloadmp3.net/,"- Try: Navigation failed (fallback too): net::ERR_NAME_NOT_RESOLVED at https://www.audrye-sessions.freedownloadmp3.net/ at https://www.audrye-sessions.freedownloadmp3.net/
- Try: Navigation failed (fallback too): net::ERR_NAME_NOT_RESOLVED at https://audrye-sessions.freedownloadmp3.net/ at https://audrye-sessions.freedownloadmp3.net/
- SSL Bypass: Navigation failed (fallback too): net::ERR_NAME_NOT_RESOLVED at https://www.audrye-sessions.freedownloadmp3.net/ at https://www.audrye-sessions.freedownloadmp3.net/
- SSL Bypass: Navigation failed (fallback too): net::ERR_NAME_NOT_RESOLVED at https://audrye-sessions.freedownloadmp3.net/ at https://audrye-sessions.freedownloadmp3.net/"
https://www.auger.us/,"- Try: Navigation failed (fallback too): net::ERR_NAME_NOT_RESOLVED at https://www.auger.us/ at https://www.auger.us/
- Try: Navigation failed (fallback too): net::ERR_NAME_NOT_RESOLVED at https://auger.us/ at https://auger.us/
- SSL Bypass: Navigation failed (fallback too): net::ERR_NAME_NOT_RESOLVED at https://www.auger.us/ at https://www.auger.us/
- SSL Bypass: Navigation failed (fallback too): net::ERR_NAME_NOT_RESOLVED at https://auger.us/ at https://auger.us/"
https://www.auger.us/tag/fence/,"- Try: Navigation failed (fallback too): net::ERR_NAME_NOT_RESOLVED at https://www.auger.us/tag/fence/ at https://www.auger.us/tag/fence/
- Try: Navigation failed (fallback too): net::ERR_NAME_NOT_RESOLVED at https://auger.us/tag/fence/ at https://auger.us/tag/fence/
- SSL Bypass: Navigation failed (fallback too): net::ERR_NAME_NOT_RESOLVED at https://www.auger.us/tag/fence/ at https://www.auger.us/tag/fence/
- SSL Bypass: Navigation failed (fallback too): net::ERR_NAME_NOT_RESOLVED at https://auger.us/tag/fence/ at https://auger.us/tag/fence/"
https://www.auglaizerealestate.com/WLIO_20_Local_20_News.html,"- Try: Navigation failed (fallback too): net::ERR_NAME_NOT_RESOLVED at https://www.auglaizerealestate.com/WLIO_20_Local_20_News.html at https://www.auglaizerealestate.com/WLIO_20_Local_20_News.html
- Try: Navigation failed (fallback too): net::ERR_NAME_NOT_RESOLVED at https://auglaizerealestate.com/WLIO_20_Local_20_News.html at https://auglaizerealestate.com/WLIO_20_Local_20_News.html
- SSL Bypass: Navigation failed (fallback too): net::ERR_NAME_NOT_RESOLVED at https://www.auglaizerealestate.com/WLIO_20_Local_20_News.html at https://www.auglaizerealestate.com/WLIO_20_Local_20_News.html
- SSL Bypass: Navigation failed (fallback too): net::ERR_NAME_NOT_RESOLVED at https://auglaizerealestate.com/WLIO_20_Local_20_News.html at https://auglaizerealestate.com/WLIO_20_Local_20_News.html"
https://www.augury.tk/,"- Try: Navigation failed (fallback too): net::ERR_NAME_NOT_RESOLVED at https://www.augury.tk/ at https://www.augury.tk/
- Try: Navigation failed (fallback too): net::ERR_NAME_NOT_RESOLVED at https://augury.tk/ at https://augury.tk/
- SSL Bypass: Navigation failed (fallback too): net::ERR_NAME_NOT_RESOLVED at https://www.augury.tk/ at https://www.augury.tk/
- SSL Bypass: Navigation failed (fallback too): net::ERR_NAME_NOT_RESOLVED at https://augury.tk/ at https://augury.tk/"
https://www.augusta.center4massagetherapy.com/,"- Try: Navigation failed (fallback too): net::ERR_NAME_NOT_RESOLVED at https://www.augusta.center4massagetherapy.com/ at https://www.augusta.center4massagetherapy.com/
- Try: Navigation failed (fallback too): net::ERR_NAME_NOT_RESOLVED at https://augusta.center4massagetherapy.com/ at https://augusta.center4massagetherapy.com/
- SSL Bypass: Navigation failed (fallback too): net::ERR_NAME_NOT_RESOLVED at https://www.augusta.center4massagetherapy.com/ at https://www.augusta.center4massagetherapy.com/
- SSL Bypass: Navigation failed (fallback too): net::ERR_NAME_NOT_RESOLVED at https://augusta.center4massagetherapy.com/ at https://augusta.center4massagetherapy.com/"
https://www.augusta.georgia.gov/,"- Try: Navigation failed (fallback too): net::ERR_NAME_NOT_RESOLVED at https://www.augusta.georgia.gov/ at https://www.augusta.georgia.gov/
- Try: Navigation failed (fallback too): net::ERR_NAME_NOT_RESOLVED at https://augusta.georgia.gov/ at https://augusta.georgia.gov/
- SSL Bypass: Navigation failed (fallback too): net::ERR_NAME_NOT_RESOLVED at https://www.augusta.georgia.gov/ at https://www.augusta.georgia.gov/
- SSL Bypass: Navigation failed (fallback too): net::ERR_NAME_NOT_RESOLVED at https://augusta.georgia.gov/ at https://augusta.georgia.gov/"
https://www.augusta.troy.edu/,"- Try: Navigation failed (fallback too): net::ERR_NAME_NOT_RESOLVED at https://www.augusta.troy.edu/ at https://www.augusta.troy.edu/
- Try: Navigation failed (fallback too): net::ERR_NAME_NOT_RESOLVED at https://augusta.troy.edu/ at https://augusta.troy.edu/
- SSL Bypass: Navigation failed (fallback too): net::ERR_NAME_NOT_RESOLVED at https://www.augusta.troy.edu/ at https://www.augusta.troy.edu/
- SSL Bypass: Navigation failed (fallback too): net::ERR_NAME_NOT_RESOLVED at https://augusta.troy.edu/ at https://augusta.troy.edu/"
https://www.augustageorgiajobs.net/,"- Try: Navigation failed (fallback too): net::ERR_NAME_NOT_RESOLVED at https://www.augustageorgiajobs.net/ at https://www.augustageorgiajobs.net/
- Try: Navigation failed (fallback too): net::ERR_NAME_NOT_RESOLVED at https://augustageorgiajobs.net/ at https://augustageorgiajobs.net/
- SSL Bypass: Navigation failed (fallback too): net::ERR_NAME_NOT_RESOLVED at https://www.augustageorgiajobs.net/ at https://www.augustageorgiajobs.net/
- SSL Bypass: Navigation failed (fallback too): net::ERR_NAME_NOT_RESOLVED at https://augustageorgiajobs.net/ at https://augustageorgiajobs.net/"
https://www.augusta-richmondcounty.georgia.gov/,"- Try: Navigation failed (fallback too): net::ERR_NAME_NOT_RESOLVED at https://www.augusta-richmondcounty.georgia.gov/ at https://www.augusta-richmondcounty.georgia.gov/
- Try: Navigation failed (fallback too): net::ERR_NAME_NOT_RESOLVED at https://augusta-richmondcounty.georgia.gov/ at https://augusta-richmondcounty.georgia.gov/
- SSL Bypass: Navigation failed (fallback too): net::ERR_NAME_NOT_RESOLVED at https://www.augusta-richmondcounty.georgia.gov/ at https://www.augusta-richmondcounty.georgia.gov/
- SSL Bypass: Navigation failed (fallback too): net::ERR_NAME_NOT_RESOLVED at https://augusta-richmondcounty.georgia.gov/ at https://augusta-richmondcounty.georgia.gov/"
https://www.aumag.org/wordpress/?p=1359,"- Try: Navigation failed (fallback too): net::ERR_NAME_NOT_RESOLVED at https://www.aumag.org/wordpress/?p=1359 at https://www.aumag.org/wordpress/?p=1359
- Try: Navigation failed (fallback too): net::ERR_NAME_NOT_RESOLVED at https://aumag.org/wordpress/?p=1359 at https://aumag.org/wordpress/?p=1359
- SSL Bypass: Navigation failed (fallback too): net::ERR_NAME_NOT_RESOLVED at https://www.aumag.org/wordpress/?p=1359 at https://www.aumag.org/wordpress/?p=1359
- SSL Bypass: Navigation failed (fallback too): net::ERR_NAME_NOT_RESOLVED at https://aumag.org/wordpress/?p=1359 at https://aumag.org/wordpress/?p=1359"
https://www.auntdobsonfarmhouse.8k.com/,"- Try: Navigation failed (fallback too): net::ERR_NAME_NOT_RESOLVED at https://www.auntdobsonfarmhouse.8k.com/ at https://www.auntdobsonfarmhouse.8k.com/
- Try: Navigation failed (fallback too): net::ERR_NAME_NOT_RESOLVED at https://auntdobsonfarmhouse.8k.com/ at https://auntdobsonfarmhouse.8k.com/
- SSL Bypass: Navigation failed (fallback too): net::ERR_NAME_NOT_RESOLVED at https://www.auntdobsonfarmhouse.8k.com/ at https://www.auntdobsonfarmhouse.8k.com/
- SSL Bypass: Navigation failed (fallback too): net::ERR_NAME_NOT_RESOLVED at https://auntdobsonfarmhouse.8k.com/ at https://auntdobsonfarmhouse.8k.com/"
https://www.audcent.com/aillebout-gen.htm,"- Try: Navigation failed (fallback too): net::ERR_SSL_PROTOCOL_ERROR at https://www.audcent.com/aillebout-gen.htm at https://www.audcent.com/aillebout-gen.htm
- Try: Navigation failed (fallback too): net::ERR_SSL_PROTOCOL_ERROR at https://audcent.com/aillebout-gen.htm at https://audcent.com/aillebout-gen.htm
- SSL Bypass: Navigation failed (fallback too): net::ERR_SSL_PROTOCOL_ERROR at https://www.audcent.com/aillebout-gen.htm at https://www.audcent.com/aillebout-gen.htm
- SSL Bypass: Navigation failed (fallback too): net::ERR_SSL_PROTOCOL_ERROR at https://audcent.com/aillebout-gen.htm at https://audcent.com/aillebout-gen.htm"
https://www.audcent.com/forebear.htm,"- Try: Navigation failed (fallback too): net::ERR_SSL_PROTOCOL_ERROR at https://www.audcent.com/forebear.htm at https://www.audcent.com/forebear.htm
- Try: Navigation failed (fallback too): net::ERR_SSL_PROTOCOL_ERROR at https://audcent.com/forebear.htm at https://audcent.com/forebear.htm
- SSL Bypass: Navigation failed (fallback too): net::ERR_SSL_PROTOCOL_ERROR at https://www.audcent.com/forebear.htm at https://www.audcent.com/forebear.htm
- SSL Bypass: Navigation failed (fallback too): net::ERR_SSL_PROTOCOL_ERROR at https://audcent.com/forebear.htm at https://audcent.com/forebear.htm"
https://www.audcent.com/legardeur.htm,"- Try: Navigation failed (fallback too): net::ERR_SSL_PROTOCOL_ERROR at https://www.audcent.com/legardeur.htm at https://www.audcent.com/legardeur.htm
- Try: Navigation failed (fallback too): net::ERR_SSL_PROTOCOL_ERROR at https://audcent.com/legardeur.htm at https://audcent.com/legardeur.htm
- SSL Bypass: Navigation failed (fallback too): net::ERR_SSL_PROTOCOL_ERROR at https://www.audcent.com/legardeur.htm at https://www.audcent.com/legardeur.htm
- SSL Bypass: Navigation failed (fallback too): net::ERR_SSL_PROTOCOL_ERROR at https://audcent.com/legardeur.htm at https://audcent.com/legardeur.htm"
https://www.audcent.com/stouen.htm,"- Try: Navigation failed (fallback too): net::ERR_SSL_PROTOCOL_ERROR at https://www.audcent.com/stouen.htm at https://www.audcent.com/stouen.htm
- Try: Navigation failed (fallback too): net::ERR_SSL_PROTOCOL_ERROR at https://audcent.com/stouen.htm at https://audcent.com/stouen.htm
- SSL Bypass: Navigation failed (fallback too): net::ERR_SSL_PROTOCOL_ERROR at https://www.audcent.com/stouen.htm at https://www.audcent.com/stouen.htm
- SSL Bypass: Navigation failed (fallback too): net::ERR_SSL_PROTOCOL_ERROR at https://audcent.com/stouen.htm at https://audcent.com/stouen.htm"
https://www.audcent.com/stouen3.htm,"- Try: Navigation failed (fallback too): net::ERR_SSL_PROTOCOL_ERROR at https://www.audcent.com/stouen3.htm at https://www.audcent.com/stouen3.htm
- Try: Navigation failed (fallback too): net::ERR_SSL_PROTOCOL_ERROR at https://audcent.com/stouen3.htm at https://audcent.com/stouen3.htm
- SSL Bypass: Navigation failed (fallback too): net::ERR_SSL_PROTOCOL_ERROR at https://www.audcent.com/stouen3.htm at https://www.audcent.com/stouen3.htm
- SSL Bypass: Navigation failed (fallback too): net::ERR_SSL_PROTOCOL_ERROR at https://audcent.com/stouen3.htm at https://audcent.com/stouen3.htm"
https://www.audiotools.com/dead.html,"- Try: Navigation failed (fallback too): net::ERR_SSL_PROTOCOL_ERROR at https://www.audiotools.com/dead.html at https://www.audiotools.com/dead.html
- Try: Navigation failed (fallback too): net::ERR_SSL_PROTOCOL_ERROR at https://audiotools.com/dead.html at https://audiotools.com/dead.html
- SSL Bypass: Navigation failed (fallback too): net::ERR_SSL_PROTOCOL_ERROR at https://www.audiotools.com/dead.html at https://www.audiotools.com/dead.html
- SSL Bypass: Navigation failed (fallback too): net::ERR_SSL_PROTOCOL_ERROR at https://audiotools.com/dead.html at https://audiotools.com/dead.html"
https://www.audiotools.com/dead_h.html,"- Try: Navigation failed (fallback too): net::ERR_SSL_PROTOCOL_ERROR at https://www.audiotools.com/dead_h.html at https://www.audiotools.com/dead_h.html
- Try: Navigation failed (fallback too): net::ERR_SSL_PROTOCOL_ERROR at https://audiotools.com/dead_h.html at https://audiotools.com/dead_h.html
- SSL Bypass: Navigation failed (fallback too): net::ERR_SSL_PROTOCOL_ERROR at https://www.audiotools.com/dead_h.html at https://www.audiotools.com/dead_h.html
- SSL Bypass: Navigation failed (fallback too): net::ERR_SSL_PROTOCOL_ERROR at https://audiotools.com/dead_h.html at https://audiotools.com/dead_h.html"
