https://www.internetdownloadmanager.com,0
https://www.1tv.ru,0
https://www.makemytrip.com,0
https://www.ebay.in,0
https://www.bitbucket.org,0
https://www.arxiv.org,0
https://www.arxiv.org,0
https://www.vidzi.tv,0
https://www.idnes.cz,0
https://www.focus.de,0
https://www.olx.in,0
https://www.g2a.com,0
https://www.yespornplease.com,0
https://www.pastebin.com,0
https://www.biblegateway.com,0
https://www.politico.com,0
https://www.liveleak.com,0
https://www.freebitco.in,0
https://www.3sk.tv,0
https://www.ancestry.com,0
https://www.custhelp.com,0
https://www.zougla.gr,0
https://www.mawdoo3.com,0
https://www.cdninstagram.com,0
https://www.weather.gov,0
https://www.visualstudio.com,0
https://www.imagefap.com,0
https://www.clipconverter.cc,0
https://www.hitomi.la,0
https://www.11st.co.kr,0
https://www.fb.ru,0
https://www.eztv.ag,0
https://www.cnnindonesia.com,0
https://www.2ch.net,0
https://www.unity3d.com,0
https://www.putlockers.movie,0
https://www.bitfinex.com,0
https://www.auction.co.kr,0
https://www.viva.co.id,0
https://www.chouftv.ma,0
https://www.pexels.com,0
https://www.perfectgirls.net,0
https://www.sakura.ne.jp,0
https://www.yesky.com,0
https://www.hdrezka.ag,0
https://www.bolasport.com,0
https://www.toutiao.com,0
https://www.sfr.fr,0
https://www.nhl.com,0
https://www.ukr.net,0
https://www.suara.com,0
https://www.nvidia.com,0
https://www.intoday.in,0
https://www.huawei.com,0
https://www.livedoor.biz,0
https://www.dawn.com,0
https://www.argaam.com,0
https://www.solarmoviez.ru,0
https://www.anybunny.mobi,0
https://www.besoccer.com,0
https://www.miui.com,0
https://www.explicandoo.com,0
https://www.wykop.pl,0
https://www.rvcj.com,0
https://www.edx.org,0
https://www.istockphoto.com,0
https://www.zhaopin.com,0
https://www.justdial.com,0
https://www.fatosdesconhecidos.com.br,0
https://www.codepen.io,0
https://www.viralcpm.com,0
https://www.dmv.org,0
https://www.abc.net.au,0
https://www.ed.gov,0
https://www.reclameaqui.com.br,0
https://www.aa.com,0
https://www.royalbank.com,0
https://www.bankmellat.ir,0
https://www.baskino.co,0
https://www.state.gov,0
https://www.life.tw,0
https://www.creditkarma.com,0
https://www.kp.ru,0
https://www.icy-veins.com,0
https://www.trackingclick.net,0
https://www.plarium.com,0
https://www.rutor.info,0
https://www.tandfonline.com,0
https://www.rozetka.com.ua,0
https://www.usbank.com,0
https://www.nyaa.si,0
https://www.mymovies.it,0
https://www.tebyan.net,0
https://www.gumtree.com.au,0
https://www.nicehash.com,0
https://www.redfin.com,0
https://www.vesti.ru,0
https://www.lequipe.fr,0
https://www.kinozal.tv,0
https://www.neobux.com,0
https://www.vox.com,0
https://www.wargaming.net,0
https://www.snapdeal.com,0
https://www.up.nic.in,0
https://www.brazzers.com,0
https://www.n11.com,0
https://www.asahi.com,0
https://www.united.com,0
https://www.ted.com,0
https://www.animeyt.tv,0
https://www.uniqlo.com,0
https://www.rus.ec,0
https://www.libgen.io,0
https://www.welt.de,0
https://www.ifeng.com,0
https://www.hootsuite.com,0
https://www.trulia.com,0
https://www.starzplay.com,0
https://www.infobae.com,0
https://www.speed-open2.com,0
https://www.bamilo.com,0
https://www.putrr18.com,0
https://www.1fichier.com,0
https://www.vg.no,0
https://www.avito.ma,0
https://www.hepsiburada.com,0
https://www.kohls.com,0
https://www.ppomppu.co.kr,0
https://www.dailypakistan.com.pk,0
https://www.forgeofempires.com,0
https://www.nasa.gov,0
https://www.rightmove.co.uk,0
https://www.pole-emploi.fr,0
https://www.vlive.tv,0
https://www.fishki.net,0
https://www.nexon.com,0
https://www.avgle.com,0
https://www.movie2free.com,0
https://www.keepvid.com,0
https://www.deadspin.com,0
https://www.searchencrypt.com,0
https://www.hh.ru,0
https://www.tmz.com,0
https://www.ozon.ru,0
https://www.telllwrite.com,0
https://www.xunlei.com,0
https://www.mynet.com,0
https://www.correios.com.br,0
https://www.ppy.sh,0
https://www.wondershare.com,0
https://www.yandex.com.tr,0
https://www.abola.pt,0
https://www.google.lv,0
https://www.filmweb.pl,0
https://www.thehindu.com,0
https://www.bitstamp.net,0
https://www.best2017games.com,0
https://www.skurki.info,0
https://www.w3school.com.cn,0
https://www.fidonav.com,0
https://www.poste.it,0
https://www.ryanair.com,0
https://www.geeksforgeeks.org,0
https://www.axisbank.co.in,0
https://www.comicbook.com,0
https://www.farfetch.com,0
https://www.flashscore.com,0
https://www.gap.com,0
https://www.askubuntu.com,0
https://www.abcnews.go.com,0
https://www.ficbook.net,0
https://www.ibtimes.co.uk,0
https://www.absoluteclickscom.com,0
https://www.ebates.com,0
https://www.andhrajyothy.com,0
https://www.wuxiaworld.com,0
https://www.google.com.pr,0
https://www.people.com,0
https://www.wiocha.pl,0
https://www.eporner.com,0
https://www.gazeta.pl,0
https://www.kompasiana.com,0
https://www.skyscanner.net,0
https://www.rapidvideo.com,0
https://www.scol.com.cn,0
https://www.wired.com,0
https://www.nintendo.com,0
https://www.ashemaletube.com,0
https://www.voyeurhit.com,0
https://www.unsplash.com,0
https://www.reverb.com,0
https://www.myworkday.com,0
https://www.shopee.tw,0
https://www.cookpad.com,0
https://www.pcmag.com,0
https://www.gazzetta.it,0
https://www.prom.ua,0
https://www.uber.com,0
https://www.twoo.com,0
https://www.redirectvoluum.com,0
https://www.shahid4u.tv,0
https://www.tnaflix.com,0
https://www.pinterest.es,0
https://www.dribbble.com,0
https://www.udacity.com,0
https://www.jabong.com,0
https://www.arstechnica.com,0
https://www.clien.net,0
https://www.berkeley.edu,0
https://www.zomato.com,0
https://www.bhaskar.com,0
https://www.teamviewer.com,0
https://www.thespruce.com,0
https://www.cnbeta.com,0
https://www.airtel.in,0
https://www.xiami.com,0
https://www.yobit.net,0
https://www.startpage.com,0
https://www.itmedia.co.jp,0
https://www.bicentenariobu.com,0
https://www.coinexchange.io,0
https://www.pron.tv,0
https://www.study.com,0
https://www.provinet.net,0
https://www.thingiverse.com,0
https://www.ixxx.com,0
https://www.fullhdfilmizlesene.org,0
https://www.bastillepost.com,0
https://www.dcard.tw,0
https://www.deezer.com,0
https://www.ebay.es,0
https://www.2youtds.biz,0
https://www.poe.trade,0
https://www.4399.com,0
https://www.piriform.com,0
https://www.chegg.com,0
https://www.metro.co.uk,0
https://www.pathofexile.com,0
https://www.ebay.ca,0
https://www.qiita.com,0
https://www.change.org,0
https://www.jqw.com,0
https://www.gazeta.ru,0
https://www.fotostrana.ru,0
https://www.tim.it,0
https://www.51cto.com,0
https://www.audible.com,0
https://www.admaimai.com,0
https://www.launchpage.org,0
https://www.nydailynews.com,0
https://www.strava.com,0
https://www.limetorrents.cc,0
https://www.newsweek.com,0
https://www.schwab.com,0
https://www.newstarads.com,0
https://www.nate.com,0
https://www.cda.pl,0
https://www.milanuncios.com,0
https://www.marketwatch.com,0
https://www.sankei.com,0
https://www.fmovies.pe,0
https://www.worldofwarcraft.com,0
https://www.vanguard.com,0
https://www.thoughtco.com,0
https://www.qualtrics.com,0
https://www.marriott.com,0
https://www.php.net,0
https://www.telekom.com,0
https://www.postbank.de,0
https://www.tnt-online.ru,0
https://www.koorabia.com,0
https://www.digitaltrends.com,0
https://www.tilestwra.com,0
https://www.pof.com,0
https://www.gnula.nu,0
https://www.ouo.press,0
https://www.nextdoor.com,0
https://www.crhoy.com,0
https://www.retailmenot.com,0
https://www.ranker.com,0
https://www.wildberries.ru,0
https://www.readthedocs.io,0
https://www.wenxuecity.com,0
https://www.yallakora.com,0
https://www.uniqlo.tmall.com,0
https://www.sephora.com,0
https://www.jobrapido.com,0
https://www.mediaset.it,0
https://www.elwatannews.com,0
https://www.slate.com,0
https://www.canada.ca,0
https://www.telegraf.com.ua,0
https://www.primewire.ag,0
https://www.thumbzilla.com,0
https://www.daraz.pk,0
https://www.aastocks.com,0
https://www.moradu.com,0
https://www.pornmd.com,0
https://www.pinterest.de,0
https://www.mangafox.la,0
https://www.infourok.ru,0
https://www.sonyentertainmentnetwork.com,0
https://www.wikiwand.com,0
https://www.iherb.com,0
https://www.porn.com,0
https://www.att.net,0
https://www.indianexpress.com,0
https://www.camster.com,0
https://www.otto.de,0
https://www.youku.com,0
https://www.pinterest.fr,0
https://www.bithumb.com,0
https://www.bayt.com,0
https://www.3c.tmall.com,0
https://www.echo.msk.ru,0
https://www.dagospia.com,0
https://www.umich.edu,0
https://www.service-now.com,0
https://www.nairaland.com,0
https://www.yifysubtitles.com,0
https://www.commbank.com.au,0
https://www.etorrent.co.kr,0
https://www.runoob.com,0
https://www.etoro.com,0
https://www.camdolls.com,0
https://www.dreamstime.com,0
https://www.narod.ru,0
https://www.injuredcandy.com,0
https://www.ameba.jp,0
https://www.pixhost.org,0
https://www.lostfilm.tv,0
https://www.getbootstrap.com,0
https://www.jio.com,0
https://www.radiorage.com,0
https://www.urbanoutfitters.com,0
https://www.51.la,0
https://www.verizon.com,0
https://www.disq.us,0
https://www.tfetimes.com,0
https://www.seasonaloffers.club,0
https://www.pnc.com,0
https://www.freearabsexx.com,0
https://www.renren.com,0
https://www.heise.de,0
https://www.indoxxi.net,0
https://www.valuecommerce.com,0
https://www.fast-torrent.ru,0
https://www.jumia.com.ng,0
https://www.dhl.de,0
https://www.businesslnk.com,0
https://www.orf.at,0
https://www.yeniakit.com.tr,0
https://www.credit-agricole.fr,0
https://www.gumtree.com,0
https://www.126.com,0
https://www.mangareader.net,0
https://www.news18.com,0
https://www.online-convert.com,0
https://www.billboard.com,0
https://www.sky.com,0
https://www.sh.st,0
https://www.manyvids.com,0
https://www.yjc.ir,0
https://www.programme-tv.net,0
https://www.media-bucket.com,0
https://www.doodle.com,0
https://www.oneindia.com,0
https://www.google.com.gh,0
https://www.envato.com,0
https://www.mangamura.org,0
https://www.internetspeedtracker.com,0
https://www.adme.ru,0
https://www.novinky.cz,0
https://www.theweathernetwork.com,0
https://www.quizzstar.com,0
https://www.cb01.zone,0
https://www.smartadtags.com,0
https://www.provincial.com,0
https://www.dw.com,0
https://www.bs.to,0
https://www.otvfoco.com.br,0
https://www.abril.com.br,0
https://www.constantcontact.com,0
https://www.futbin.com,0
https://www.icims.com,0
https://www.fanserials.org,0
https://www.yodobashi.com,0
https://www.gaana.com,0
https://www.href.li,0
https://www.unity.com,0
https://www.avefyjulko.bid,0
https://www.mirtesen.ru,0
https://www.nbcsports.com,0
https://www.blog.me,0
https://www.myetherwallet.com,0
https://www.idealo.de,0
https://www.dytt8.net,0
https://www.thedailybeast.com,0
https://www.yao.tmall.com,0
https://www.rockstargames.com,0
https://www.efukt.com,0
https://www.fandango.com,0
https://www.immobilienscout24.de,0
https://www.last.fm,0
https://www.dhgate.com,0
https://www.sifyitest.com,0
https://www.pcpartpicker.com,0
https://www.irecommend.ru,0
https://www.xhamsterlive.com,0
https://www.secure-surf.net,0
https://www.coincheck.com,0
https://www.cima4u.tv,0
https://www.gittigidiyor.com,0
https://www.webgains.com,0
https://www.mydrivers.com,0
https://www.netteller.com,0
https://www.fnac.com,0
https://www.barnesandnoble.com,0
https://www.gumtree.co.za,0
https://www.avclub.com,0
https://www.xuite.net,0
https://www.pochta.ru,0
https://www.kinogb.club,0
https://www.joins.com,0
https://www.google.com.bd,0
https://www.clkntrk.com,0
https://www.secondlife.com,0
https://www.lavanguardia.com,0
https://www.aptitudemedia.co,0
https://www.kknews.cc,0
https://www.yandex.by,0
https://www.dhl.com,0
https://www.brassring.com,0
https://www.archiveofourown.org,0
https://www.liquipedia.net,0
https://www.championat.com,0
https://www.360doc.com,0
https://www.t-mobile.com,0
https://www.himado.in,0
https://www.bola.net,0
https://www.heavy.com,0
https://www.chosun.com,0
https://www.sankakucomplex.com,0
https://www.24h.com.vn,0
https://www.bab.la,0
https://www.sfgate.com,0
https://www.playground.ru,0
https://www.apache.org,0
https://www.marumaru.in,0
https://www.thevideo.me,0
https://www.panet.co.il,0
https://www.ozee.com,0
https://www.pitchfork.com,0
https://www.redbubble.com,0
https://www.tripadvisor.co.uk,0
https://www.sozcu.com.tr,0
https://www.streamango.com,0
https://www.curseforge.com,0
https://www.studfiles.net,0
https://www.nsdl.com,0
https://www.spectrum.net,0
https://www.taoche.com,0
https://www.farsnews.com,0
https://www.ceneo.pl,0
https://www.fmovies.is,0
https://www.superappbox.com,0
https://www.ilovepdf.com,0
https://www.clips4sale.com,0
https://www.foodnetwork.com,0
https://www.maybank2u.com.my,0
https://www.mmaaxx.com,0
https://www.globaltimes.cn,0
https://www.letras.mus.br,0
https://www.predictivadnetwork.com,0
https://www.syosetu.com,0
https://www.yalla-shoot.com,0
https://www.techtudo.com.br,0
https://www.gismeteo.ua,0
https://www.streamcloud.eu,0
https://www.arcot.com,0
https://www.tinder.com,0
https://www.eenadu.net,0
https://www.clarin.com,0
https://www.malwarebytes.com,0
https://www.zappos.com,0
https://www.paheal.net,0
https://www.afreecatv.com,0
https://www.shadbase.com,0
https://www.mvideo.ru,0
https://www.thomann.de,0
https://www.epfindia.gov.in,0
https://www.privatbank.ua,0
https://www.xing.com,0
https://www.24smi.info,0
https://www.roaring.earth,0
https://www.google.com.cu,0
https://www.standardmedia.co.ke,0
https://www.01net.com,0
https://www.abc.es,0
https://www.kepuchina.cn,0
https://www.emuparadise.me,0
https://www.24video.adult,0
https://www.hbogo.com,0
https://www.oup.com,0
https://www.pussl32.com,0
https://www.247sports.com,0
https://www.houzz.com,0
https://www.filmitorrent.org,0
https://www.codeproject.com,0
https://www.televisionfanatic.com,0
https://www.bitcoin.com,0
https://www.indianrail.gov.in,0
https://www.virgilio.it,0
https://www.adbooth.com,0
https://www.taimienphi.vn,0
https://www.kissmanga.com,0
https://www.xiaomi.com,0
https://www.metacritic.com,0
https://www.coolmath-games.com,0
https://www.kongregate.com,0
https://www.gameforge.com,0
https://www.funnyjunk.com,0
https://www.skroutz.gr,0
https://www.bzw315.com,0
https://www.dingit.tv,0
https://www.dumpert.nl,0
https://www.easygirls.info,0
https://www.amazon.com.mx,0
https://www.weibo.cn,0
https://www.neiyi.tmall.com,0
https://www.download-geek.com,0
https://www.miniclip.com,0
https://www.minecraft.net,0
https://www.boardgamegeek.com,0
https://www.lds.org,0
https://www.variety.com,0
https://www.paytm.in,0
https://www.akamaihd.net,0
https://www.deref-gmx.net,0
https://www.gamestop.com,0
https://www.ubi.com,0
https://www.makeuseof.com,0
https://www.nikkeibp.co.jp,0
https://www.danawa.com,0
https://www.books.com.tw,0
https://www.editor.wix.com,0
https://www.feebee.com.tw,0
https://www.onclickclear.com,0
https://www.oschina.net,0
https://www.bahn.de,0
https://www.npmjs.com,0
https://www.techbang.com,0
https://www.sporx.com,0
https://www.liftable.com,0
https://www.google.com.lb,0
https://www.pirateproxy.ist,0
https://www.laposte.fr,0
https://www.zdf.de,0
https://www.getsuperappbox.com,0
https://www.hearthpwn.com,0
https://www.eol.cn,0
https://www.otomoto.pl,0
https://www.si.com,0
https://www.tradedoubler.com,0
https://www.oclasrv.com,0
https://www.nextlnk3.com,0
https://www.qiwi.com,0
https://www.futhead.com,0
https://www.codecademy.com,0
https://www.mercantilbanco.com,0
https://www.mayoclinic.org,0
https://www.google.com.sv,0
https://www.bt.com,0
https://www.tagged.com,0
https://www.kino-teatr.ru,0
https://www.tvtropes.org,0
https://www.lg.com,0
https://www.mail.com,0
https://www.zcool.com.cn,0
https://www.sanook.com,0
https://www.india.com,0
https://www.xkcd.com,0
https://www.caf.fr,0
https://www.vanguardngr.com,0
https://www.zol.com.cn,0
https://www.newyorker.com,0
https://www.fastpic.ru,0
https://www.q1-tdsge.com,0
https://www.eroterest.net,0
https://www.codecanyon.net,0
https://www.coursehero.com,0
https://www.francetvinfo.fr,0
https://www.nation.co.ke,0
https://www.apkpure.com,0
https://www.lynda.com,0
https://www.myhome.tmall.com,0
https://www.dl-protect1.com,0
https://www.gomovies.tech,0
https://www.eset.com,0
https://www.serviporno.com,0
https://www.popsugar.com,0
https://www.google.jo,0
https://www.ccidnet.com,0
https://www.hollywoodreporter.com,0
https://www.mcafee.com,0
https://www.sports.ru,0
https://www.watch-series.io,0
https://www.basecamp.com,0
https://www.finn.no,0
https://www.bittorrent.com,0
https://www.macrumors.com,0
https://www.dailysnark.com,0
https://www.nrk.no,0
https://www.socialnewpages.com,0
https://www.mmo-champion.com,0
https://www.altervista.org,0
https://www.znanija.com,0
https://www.dict.cc,0
https://www.turbo.az,0
https://www.seekingalpha.com,0
https://www.caixabank.es,0
https://www.webcrawler.com,0
https://www.ew.com,0
https://www.i.ua,0
https://www.astrologyanswers.com,0
https://www.so-net.ne.jp,0
https://www.hexun.com,0
https://www.bustle.com,0
https://www.fextralife.com,0
https://www.cerpen.co.id,0
https://www.geniuskitchen.com,0
https://www.jalopnik.com,0
https://www.gotomeeting.com,0
https://www.gmx.com,0
https://www.airasia.com,0
https://www.newtabtvsearch.com,0
https://www.autotrader.com,0
https://www.googlevideo.com,0
https://www.gamewith.jp,0
https://www.jetbrains.com,0
https://www.vmware.com,0
https://www.dominos.com,0
https://www.chinatimes.com,0
https://www.blogspot.com.eg,0
https://www.nationalgeographic.com,0
https://www.turkiye.gov.tr,0
https://www.elconfidencial.com,0
https://www.bulbagarden.net,0
https://www.kinogo.by,0
https://www.ps7894.com,0
https://www.pinterest.com.au,0
https://www.tutsplus.com,0
https://www.digitalocean.com,0
https://www.nnm-club.name,0
https://www.boc.cn,0
https://www.triumph.tmall.com,0
https://www.aimer.tmall.com,0
https://www.p30download.com,0
https://www.lightinthebox.com,0
https://www.clickpapa.io,0
https://www.ucoz.ru,0
https://www.blogimg.jp,0
https://www.yandex.com,0
https://www.olx.co.id,0
https://www.ero-advertising.com,0
https://www.crabsecret.tmall.com,0
https://www.fazenda.gov.br,0
https://www.bedbathandbeyond.com,0
https://www.dlsite.com,0
https://www.tencent.com,0
https://www.filmix.me,0
https://www.flaticon.com,0
https://www.tut.by,0
https://www.windows.net,0
https://www.imagebam.com,0
https://www.shareasale.com,0
https://www.walgreens.com,0
https://www.abema.tv,0
https://www.torrents.me,0
https://www.seesaa.net,0
https://www.20minutes.fr,0
https://www.cloudflare.com,0
https://www.encuentra24.com,0
https://www.sat.gob.mx,0
https://www.ghanaweb.com,0
https://www.zeit.de,0
https://www.plurk.com,0
https://www.freshdesk.com,0
https://www.kdnet.net,0
https://www.bskn.pro,0
https://www.adright.com,0
https://www.meteofrance.com,0
https://www.baixaki.com.br,0
https://www.hsbc.co.uk,0
https://www.online-life.club,0
https://www.axdst.pro,0
https://www.rp5.ru,0
https://www.els-cdn.com,0
https://www.adultfriendfinder.com,0
https://www.concursolutions.com,0
https://www.gemius.pl,0
https://www.userscloud.com,0
https://www.myfood.ltd,0
https://www.rappler.com,0
https://www.overstock.com,0
https://www.mundodeportivo.com,0
https://www.over-blog.com,0
https://www.greatandhra.com,0
https://www.cracked.com,0
https://www.quikr.com,0
https://www.lentainform.com,0
https://www.mbc.net,0
https://www.intentmedia.net,0
https://www.academic.ru,0
https://www.todayhumor.co.kr,0
https://www.dcinside.com,0
https://www.1und1.de,0
https://www.javlibrary.com,0
https://www.ucla.edu,0
https://www.qz.com,0
https://www.mynavi.jp,0
https://www.sbrf.ru,0
https://www.washington.edu,0
https://www.gofundme.com,0
https://www.r18.com,0
https://www.babycenter.com,0
https://www.webtoons.com,0
https://www.freelancer.com,0
https://www.leo.org,0
https://www.pixlr.com,0
https://www.wasabisyrup.com,0
https://www.hmyquickconverter.com,0
https://www.liveadexchanger.com,0
https://www.iobit.com,0
https://www.aftonbladet.se,0
https://www.tuko.co.ke,0
https://www.sbnation.com,0
https://www.rajasthan.gov.in,0
https://www.myworkdayjobs.com,0
https://www.mts.ru,0
https://www.bol.uol.com.br,0
https://www.bluehost.com,0
https://www.fetlife.com,0
https://www.pussl48.com,0
https://www.elbotola.com,0
https://www.psychologytoday.com,0
https://www.ifixit.com,0
https://www.clickfunnels.com,0
https://www.doramatv.ru,0
https://www.newsnow.co.uk,0
https://www.jb51.net,0
https://www.pornhd.com,0
https://www.smi2.ru,0
https://www.monster.com,0
https://www.bb.com.br,0
https://www.cornell.edu,0
https://www.scotiabank.com,0
https://www.fortune.com,0
https://www.garmin.com,0
https://www.ubuntu.com,0
https://www.wikiwiki.jp,0
https://www.tenki.jp,0
https://www.smugmug.com,0
https://www.habrahabr.ru,0
https://www.ycombinator.com,0
https://www.duba.com,0
https://www.igg-games.com,0
https://www.pinterest.jp,0
https://www.ruclip.com,0
https://www.otzovik.com,0
https://www.staticflickr.com,0
https://www.biqle.ru,0
https://www.elcomercio.com,0
https://www.directrev.com,0
https://www.lotterypost.com,0
https://www.123rf.com,0
https://www.sketchup.com,0
https://www.bola.com,0
https://www.kuronekoyamato.co.jp,0
https://www.hostgator.com,0
https://www.nutaku.net,0
https://www.typeform.com,0
https://www.wizards.com,0
https://www.snap-affairs.com,0
https://www.bolshoyvopros.ru,0
https://www.thepiratebay-proxylist.org,0
https://www.stripe.com,0
https://www.elzmannews.com,0
https://www.cbs.com,0
https://www.lacaixa.es,0
https://www.jumia.com.eg,0
https://www.ilbe.com,0
https://www.elespanol.com,0
https://www.msi.com,0
https://www.gigazine.net,0
https://www.lloydsbank.co.uk,0
https://www.feger.tmall.com,0
https://www.zedo.com,0
https://www.getintopc.com,0
https://www.kinoprofi.org,0
https://www.atlassian.com,0
https://www.google.ee,0
https://www.bmi.ir,0
https://www.hjenglish.com,0
https://www.csair.com,0
https://www.sci-hub.tw,0
https://www.kenh14.vn,0
https://www.ft.com,0
https://www.padlet.com,0
https://www.spanishdict.com,0
https://www.tabnak.ir,0
https://www.alphashoppers.co,0
https://www.realestate.com.au,0
https://www.hitc.com,0
https://www.avira.com,0
https://www.vemale.com,0
https://www.bitflyer.jp,0
https://www.linternaute.com,0
https://www.oceanofgames.com,0
https://www.watch-series.is,0
https://www.8maple.ru,0
https://www.o2.pl,0
https://www.pornolab.net,0
https://www.panda.tv,0
https://www.yggtorrent.com,0
https://www.repelis.tv,0
https://www.brand.tmall.com,0
https://www.metric-conversions.org,0
https://www.sport.es,0
https://www.warcraftlogs.com,0
https://www.axisbank.com,0
https://www.elintransigente.com,0
https://www.ilfattoquotidiano.it,0
https://www.sagepub.com,0
https://www.life.ru,0
https://www.gettyimages.com,0
https://www.filmaffinity.com,0
https://www.porndoe.com,0
https://www.kino-hd1080.ru,0
https://www.entrepreneur.com,0
https://www.unam.mx,0
https://www.alnaharegypt.com,0
https://www.free3dadultgames.com,0
https://www.stoloto.ru,0
https://www.zerohedge.com,0
https://www.mp3party.net,0
https://www.tasnimnews.com,0
https://www.oxforddictionaries.com,0
https://www.myeasylotto.com,0
https://www.iciba.com,0
https://www.gog.com,0
https://www.sf-express.com,0
https://www.hamgardi.com,0
https://www.dji.com,0
https://www.cheatsheet.com,0
https://www.digialm.com,0
https://www.ecollege.com,0
https://www.yemek.com,0
https://www.lanacion.com.ar,0
https://www.mysagagame.com,0
https://www.pictame.com,0
https://www.utexas.edu,0
https://www.animevost.org,0
https://www.woot.com,0
https://www.whitepages.com,0
https://www.staples.com,0
https://www.trafficoverlap.com,0
https://www.opentable.com,0
https://www.rollingstone.com,0
https://www.togetter.com,0
https://www.javarchive.com,0
https://www.spankwire.com,0
https://www.allkpop.com,0
https://www.runtnc.net,0
https://www.barstoolsports.com,0
https://www.moddb.com,0
https://www.google.com.bh,0
https://www.jin115.com,0
https://www.hsbc.com.hk,0
https://www.20minutos.es,0
https://www.deref-web-02.de,0
https://www.gutefrage.net,0
https://www.rakuten-card.co.jp,0
https://www.gomovies.sc,0
https://www.britannica.com,0
https://www.mlb.com,0
https://www.androidcentral.com,0
https://www.buyandfun.win,0
https://www.jstor.org,0
https://www.jooble.org,0
https://www.biglobe.ne.jp,0
https://www.incometaxindiaefiling.gov.in,0
https://www.pearsoncmg.com,0
https://www.depfile.us,0
https://www.vulture.com,0
https://www.tap.az,0
https://www.fast.com,0
https://www.nextlnk5.com,0
https://www.columbia.edu,0
https://www.invisionapp.com,0
https://www.gowatchfreemovies.to,0
https://www.hilltopads.net,0
https://www.newsmth.net,0
https://www.dlbooks.to,0
https://www.stumbleupon.com,0
https://www.javhd.com,0
https://www.computerbild.de,0
https://www.thefappeningblog.com,0
https://www.argos.co.uk,0
https://www.haberturk.com,0
https://www.fool.com,0
https://www.atwiki.jp,0
https://www.divxtotal2.net,0
https://www.shglegle.com,0
https://www.myegy.tv,0
https://www.vetogate.com,0
https://www.csfd.cz,0
https://www.viki.com,0
https://www.ripple.com,0
https://www.filecrypt.cc,0
https://www.successfactors.com,0
https://www.razerzone.com,0
https://www.bc.vc,0
https://www.linkonclick.com,0
https://www.onlyindianporn.net,0
https://www.google.com.uy,0
https://www.synchronycredit.com,0
https://www.amd.com,0
https://www.thethao247.vn,0
https://www.swagbucks.com,0
https://www.excite.co.jp,0
https://www.spiceworks.com,0
https://www.usc.edu,0
https://www.dm5.com,0
https://www.nipic.com,0
https://www.trafficshop.com,0
https://www.mufg.jp,0
https://www.streamlabs.com,0
https://www.h-98reale.com,0
https://www.shopclues.com,0
https://www.ria.com,0
https://www.isna.ir,0
https://www.inc.com,0
https://www.alluc.ee,0
https://www.globalsources.com,0
https://www.36kr.com,0
https://www.businessweekly.com.tw,0
https://www.firefox.com,0
https://www.mbank.pl,0
https://www.pch.com,0
https://www.talk2none.com,0
https://www.nexusmods.com,0
https://www.1111.com.tw,0
https://www.bol.com,0
https://www.adidas.tmall.com,0
https://www.nessma.tv,0
https://www.kapook.com,0
https://www.fitbit.com,0
https://www.4cdn.org,0
https://www.donmai.us,0
https://www.ajel.sa,0
https://www.deutsche-bank.de,0
https://www.fnb.co.za,0
https://www.bintang.com,0
https://www.illinois.edu,0
https://www.zipbogo.net,0
https://www.brazzersnetwork.com,0
https://www.huobi.pro,0
https://www.tamilrockers.st,0
https://www.kukudas.com,0
https://www.nyu.edu,0
https://www.mercadolibre.com.co,0
https://www.6park.com,0
https://www.mangahere.cc,0
https://www.nuvid.com,0
https://www.alimama.com,0
https://www.wetter.com,0
https://www.elcorteingles.es,0
https://www.zozo.jp,0
https://www.legacy.com,0
https://www.2chblog.jp,0
https://www.mercadolibre.com,0
https://www.yr.no,0
https://www.everydayhealth.com.tw,0
https://www.collegeboard.org,0
https://www.ziprecruiter.com,0
https://www.softpedia.com,0
https://www.cbslocal.com,0
https://www.marktplaats.nl,0
https://www.christian-dogma.com,0
https://www.hilton.com,0
https://www.bluestacks.com,0
https://www.caffeinamagazine.it,0
https://www.pagesjaunes.fr,0
https://www.emag.ro,0
https://www.spzan.com,0
https://www.shopee.co.id,0
https://www.google.cm,0
https://www.haberler.com,0
https://www.filmfanatic.com,0
https://www.k2s.cc,0
https://www.myvidster.com,0
https://www.mydealz.de,0
https://www.hotukdeals.com,0
https://www.yourdictionary.com,0
https://www.citilink.ru,0
https://www.focuusing.com,0
https://www.payu.in,0
https://www.furaffinity.net,0
https://www.logitech.com,0
https://www.interpark.com,0
https://www.anjuke.com,0
https://www.tukif.com,0
https://www.mymedianetnow.com,0
https://www.cdc.gov,0
https://www.whattomine.com,0
https://www.olx.ro,0
https://www.rei.com,0
https://www.blog.ir,0
https://www.ondramanice.io,0
https://www.arabi21.com,0
https://www.abc.go.com,0
https://www.eonline.com,0
https://www.unrealengine.com,0
https://www.techtarget.com,0
https://www.ratemyprofessors.com,0
https://www.livetv.sx,0
https://www.itau.com.br,0
https://www.idealista.com,0
https://www.365jia.cn,0
https://www.livemaster.ru,0
https://www.extratorrent.ag,0
https://www.bmovies.is,0
https://www.makeleio.gr,0
https://www.teletica.com,0
https://www.internetnewsportal.com,0
https://www.pbs.org,0
https://www.upbit.com,0
https://www.yesmovies.to,0
https://www.cointelegraph.com,0
https://www.jjwxc.net,0
https://www.timeout.com,0
https://www.passportindia.gov.in,0
https://www.match.com,0
https://www.kizi.com,0
https://www.acs.org,0
https://www.monstercrawler.com,0
https://www.onliner.by,0
https://www.elvenar.com,0
https://www.fivethirtyeight.com,0
https://www.creativemarket.com,0
https://www.blizzard.com,0
https://www.purdue.edu,0
https://www.marketgid.com,0
https://www.mec.gov.br,0
https://www.runescape.com,0
https://www.pcworld.com,0
https://www.etrade.com,0
https://www.forever21.com,0
https://www.akoam.com,0
https://www.emirates.com,0
https://www.nymag.com,0
https://www.privat24.ua,0
https://www.mk.ru,0
https://www.dpreview.com,0
https://www.trackmkxoffers.se,0
https://www.google.co.ma,0
https://www.faithtap.com,0
https://www.b9good.com,0
https://www.yomiuri.co.jp,0
https://www.yourtemplatefinder.com,0
https://www.zerodha.com,0
https://www.gamiss.com,0
https://www.tagesschau.de,0
https://www.wowkeren.com,0
https://www.utoronto.ca,0
https://www.the123movies.com,0
https://www.moz.com,0
https://www.lichess.org,0
https://www.readmanga.me,0
https://www.rtve.es,0
https://www.seria-z.net,0
https://www.content.tmall.com,0
https://www.hujiang.com,0
https://www.hgtv.com,0
https://www.priceline.com,0
https://www.aminoapps.com,0
https://www.dangdang.com,0
https://www.victoriassecret.com,0
https://www.willhaben.at,0
https://www.google.ba,0
https://www.tvn24.pl,0
https://www.pussl3.com,0
https://www.mokmhp.com,0
https://www.minergate.com,0
https://www.storm.mg,0
https://www.ultipro.com,0
https://www.ontvtime.ru,0
https://www.videohive.net,0
https://www.nifty.com,0
https://www.my-hit.org,0
https://www.flightradar24.com,0
https://www.ibtimes.co.in,0
https://www.telegram.me,0
https://www.os.tc,0
https://www.cima4up.tv,0
https://www.sbicard.com,0
https://www.freedownloadmanager.org,0
https://www.lagaceta.com.ar,0
https://www.ubisoft.com,0
https://www.akamaized.net,0
https://www.ap.gov.in,0
https://www.haa66855mo.club,0
https://www.theringer.com,0
https://www.gumtree.pl,0
https://www.yobxvotn.bid,0
https://www.semanticscholar.org,0
https://www.wisc.edu,0
https://www.friendlyappz.com,0
https://www.sheypoor.com,0
https://www.pcstore.com.tw,0
https://www.rarbgproxy.org,0
https://www.literotica.com,0
https://www.t66y.com,0
https://www.coinmill.com,0
https://www.hotnewhiphop.com,0
https://www.similarweb.com,0
https://www.noaa.gov,0
https://www.leparisien.fr,0
https://www.banesco.com,0
https://www.olx.com.pk,0
https://www.gotowebinar.com,0
https://www.gamersky.com,0
https://www.talk.tw,0
https://www.koreastardaily.com,0
https://www.youla.io,0
https://www.sznews.com,0
https://www.meituan.com,0
https://www.adidas.com,0
https://www.pinterest.ca,0
https://www.santander.co.uk,0
https://www.2gis.ru,0
https://www.vente-privee.com,0
https://www.static1.squarespace.com,0
https://www.feng.com,0
https://www.sueddeutsche.de,0
https://www.unicredit.it,0
https://www.jiwu.com,0
https://www.ynet.co.il,0
https://www.blogspot.com.tr,0
https://www.500px.com,0
https://www.opensooq.com,0
https://www.coupang.com,0
https://www.easyjet.com,0
https://www.hypebeast.com,0
https://www.watsons.tmall.com,0
https://www.mediamarkt.de,0
https://www.gemius.com,0
https://www.filelist.ro,0
https://www.smh.com.au,0
https://www.film2movie.co,0
https://www.moi.gov.sa,0
https://www.gigya.com,0
https://www.cargurus.com,0
https://www.dantri.com.vn,0
https://www.gulte.com,0
https://www.google.tt,0
https://www.tokyomotion.net,0
https://www.vidoza.net,0
https://www.paytmmall.com,0
https://www.directv.com,0
https://www.chefkoch.de,0
https://www.shutterfly.com,0
https://www.abplive.in,0
https://www.mehrnews.com,0
https://www.kinja.com,0
https://www.index.hu,0
https://www.jcpenney.com,0
https://www.gst.gov.in,0
https://www.labirint.ru,0
https://www.apartments.com,0
https://www.gayboystube.com,0
https://www.autoscout24.de,0
https://www.mindbodyonline.com,0
https://www.chicagotribune.com,0
https://www.jma.go.jp,0
https://www.hentaihaven.org,0
https://www.aweber.com,0
https://www.glosbe.com,0
https://www.lolesports.com,0
https://www.focus123.cn,0
https://www.ioredi.com,0
https://www.vanityfair.com,0
https://www.easports.com,0
https://www.indiegogo.com,0
https://www.trafficfactory.biz,0
https://www.tass.ru,0
https://www.overwatchleague.com,0
https://www.tunein.com,0
https://www.ubc.ca,0
https://www.jandan.net,0
https://www.rt.ru,0
https://www.faz.net,0
https://www.mixi.jp,0
https://www.grailed.com,0
https://www.depositphotos.com,0
https://www.horriblesubs.info,0
https://www.mos.ru,0
https://www.kshowonline.com,0
https://www.comandotorrents.com,0
https://www.folha.uol.com.br,0
https://www.dotabuff.com,0
https://www.ali213.net,0
https://www.ny.gov,0
https://www.grubhub.com,0
https://www.azet.sk,0
https://www.vrfuckdolls.com,0
https://www.yinyuetai.com,0
https://www.disney.go.com,0
https://www.achiname.info,0
https://www.wikibooks.org,0
https://www.dnevnik.ru,0
https://www.mamba.ru,0
https://www.dogdrip.net,0
https://www.asriran.com,0
https://www.justporno.tv,0
https://www.jkforum.net,0
https://www.pretty52.com,0
https://www.raiplay.it,0
https://www.onelogin.com,0
https://www.javhdasia.com,0
https://www.ebscohost.com,0
https://www.nikkansports.com,0
https://www.stubhub.com,0
https://www.ana.co.jp,0
https://www.vmall.com,0
https://www.inven.co.kr,0
https://www.tesco.com,0
https://www.zamunda.net,0
https://www.e621.net,0
https://www.colourpop.com,0
https://www.thisav.com,0
https://www.express.pk,0
https://www.sap.com,0
https://www.ilmeteo.it,0
https://www.sabay.com.kh,0
https://www.oyunskor.com,0
https://www.dagbladet.no,0
https://www.pozdravok.ru,0
https://www.animeflv.com,0
https://www.mangakakalot.com,0
https://www.sprint.com,0
https://www.worldoftanks.com,0
https://www.58b.tv,0
https://www.oui.sncf,0
https://www.filmibeat.com,0
https://www.planetsuzy.org,0
https://www.bom.gov.au,0
https://www.cyol.com,0
https://www.3dmgame.com,0
https://www.auto.ru,0
https://www.jagran.com,0
https://www.jamnews.com,0
https://www.bneoc.pro,0
https://www.kshow123.net,0
https://www.medianewpage.com,0
https://www.drugs.com,0
https://www.asu.edu,0
https://www.tomshardware.co.uk,0
https://www.vppgamingnetwork.com,0
https://www.lodynet.com,0
https://www.pngtree.com,0
https://www.viralised.com,0
https://www.brainyquote.com,0
https://www.collinsdictionary.com,0
https://www.wolframalpha.com,0
https://www.qyer.com,0
https://www.kbb.com,0
https://www.sporcle.com,0
https://www.olx.co.ao,0
https://www.gol-network.com,0
https://www.betradar.com,0
https://www.iptorrents.com,0
https://www.firstpost.com,0
https://www.klikbca.com,0
https://www.downloadastro.com,0
https://www.rosegal.com,0
https://www.focus.cn,0
https://www.sears.com,0
https://www.tvguide.com,0
https://www.smrtlnk.pro,0
https://www.republika.co.id,0
https://www.sitepoint.com,0
https://www.junbi-tracker.com,0
https://www.teacherspayteachers.com,0
https://www.ernet.in,0
https://www.ibtimes.com,0
https://www.dnvod.tv,0
https://www.truecaller.com,0
https://www.mega.co.nz,0
https://www.priceminister.com,0
https://www.duden.de,0
https://www.star.com.tr,0
https://www.commerzbank.de,0
https://www.afriflatry.co,0
https://www.kitco.com,0
https://www.torrentdownloads.me,0
https://www.likemag.com,0
https://www.ansa.it,0
https://www.114la.com,0
https://www.bollywoodpapa.com,0
https://www.users.wix.com,0
https://www.digg.com,0
https://www.ing-diba.de,0
https://www.eurogamer.net,0
https://www.creditmutuel.fr,0
https://www.cvs.com,0
https://www.listindiario.com,0
https://www.eldorado.ru,0
https://www.2conv.com,0
https://www.lk21.pw,0
https://www.informer.com,0
https://www.androidauthority.com,0
https://www.societegenerale.fr,0
https://www.magazineluiza.com.br,0
https://www.aruba.it,0
https://www.medscape.com,0
https://www.payoneer.com,0
https://www.complex.com,0
https://www.blocket.se,0
https://www.thevintagenews.com,0
https://www.thrillist.com,0
https://www.criteo.com,0
https://www.seriouseats.com,0
https://www.cars.com,0
https://www.channelmyanmar.org,0
https://www.portaldoholanda.com.br,0
https://www.virginmedia.com,0
https://www.pelispedia.tv,0
https://www.kerala.gov.in,0
https://www.history.com,0
https://www.le360.ma,0
https://www.indeed.co.uk,0
https://www.rabb.it,0
https://www.nfemo.com,0
https://www.funsafetab.com,0
https://www.vrbo.com,0
https://www.snopes.com,0
https://www.vodafone.de,0
https://www.hindustantimes.com,0
https://www.narvar.com,0
https://www.nptel.ac.in,0
https://www.cricketaddictor.com,0
https://www.kantipurdaily.com,0
https://www.lcl.fr,0
https://www.sjtu.edu.cn,0
https://www.lego.com,0
https://www.docusign.com,0
https://www.kemdikbud.go.id,0
https://www.boursorama.com,0
https://www.fiuxy.bz,0
https://www.theknot.com,0
https://www.donanimhaber.com,0
https://www.upenn.edu,0
https://www.dailystar.co.uk,0
https://www.ing.nl,0
https://www.mightytext.net,0
https://www.grtyb.com,0
https://www.jezebel.com,0
https://www.larousse.fr,0
https://www.lastampa.it,0
https://www.express.com.pk,0
https://www.dummies.com,0
https://www.girrrly.com,0
https://www.un.org,0
https://www.localbitcoins.com,0
https://www.esquire.com,0
https://www.zoomit.ir,0
https://www.manhuagui.com,0
https://www.bestbuy.ca,0
https://www.esuteru.com,0
https://www.crunchbase.com,0
https://www.roletaryk.info,0
https://www.piliapp.com,0
https://www.vip.tmall.com,0
https://www.uscis.gov,0
https://www.javfor.me,0
https://www.jmw.com.cn,0
https://www.jkanime.net,0
https://www.clubic.com,0
https://www.khmerload.com,0
https://www.bankersadda.com,0
https://www.jquery.com,0
https://www.russia.tv,0
https://www.mysql.com,0
https://www.gleam.io,0
https://www.tweakers.net,0
https://www.jxnews.com.cn,0
https://www.ucsd.edu,0
https://www.kaiserpermanente.org,0
https://www.buy123.com.tw,0
https://www.megogo.net,0
https://www.share-videos.se,0
https://www.emojipedia.org,0
https://www.celebjihad.com,0
https://www.google.com.py,0
https://www.google.com.kh,0
https://www.nbc.com,0
https://www.navyfederal.org,0
https://www.adx1.com,0
https://www.maharashtra.gov.in,0
https://www.laposte.net,0
https://www.testbook.com,0
https://www.jcrew.com,0
https://www.indishare.me,0
https://www.cosmopolitan.com,0
https://www.fontawesome.io,0
https://www.onlinekhabar.com,0
https://www.cc.com,0
https://www.wlp-acs.com,0
https://www.mint.com,0
https://www.viber.com,0
https://www.ipetgroup.com,0
https://www.discordapp.net,0
https://www.turnitin.com,0
https://www.economist.com,0
https://www.ozbargain.com.au,0
https://www.deadline.com,0
https://www.goindigo.in,0
https://www.kinox.to,0
https://www.backpage.com,0
https://www.game-bonuses.club,0
https://www.thekitchn.com,0
https://www.clevernt.com,0
https://www.xero.com,0
https://www.mvhop.com,0
https://www.zhibo8.cc,0
https://www.googlesyndication.com,0
https://www.vipergirls.to,0
https://www.otaghkhabar24.com,0
https://www.ets.org,0
https://www.hdkinoclub.net,0
https://www.shimo.im,0
https://www.tsite.jp,0
https://www.anitube.se,0
https://www.craigslist.ca,0
https://www.angel.co,0
https://www.declk.com,0
https://www.mgid.com,0
https://www.samsclub.com,0
https://www.who.int,0
https://www.scroll.in,0
https://www.bancoestado.cl,0
https://www.muz-color.ru,0
https://www.9xmovies.info,0
https://www.extremetube.com,0
https://www.aljazeera.com,0
https://www.9anime.ch,0
https://www.moe.gov.sa,0
https://www.theporndude.com,0
https://www.minuto30.com,0
https://www.y6a7tqyr.com,0
https://www.lifebuzz.com,0
https://www.trademe.co.nz,0
https://www.made-in-china.com,0
https://www.zooqle.com,0
https://www.videolan.org,0
https://www.linguee.fr,0
https://www.yoox.com,0
https://www.trustedreviews.com,0
https://www.rg.ru,0
https://www.barclaycardus.com,0
https://www.caisse-epargne.fr,0
https://www.alarabiya.net,0
https://www.tesla.com,0
https://www.y2mate.com,0
https://www.downloadhelper.net,0
https://www.theworldnews.net,0
https://www.check24.de,0
https://www.theqoo.net,0
https://www.photobucket.com,0
https://www.easeus.com,0
https://www.newgrounds.com,0
https://www.icook.tw,0
https://www.ibt.uk,0
https://www.6pm.com,0
https://www.afrtrk.com,0
https://www.citibank.co.in,0
https://www.cmu.edu,0
https://www.aprilsbeachvolleyballblog.typepad.com/beijing_olympic_volleybal/nbc-sports-beijing-summer-olympics-volleyball-and-beach-volleyball-videos.html,0
https://www.aprilsbeachvolleyballblog.typepad.com/beijing_olympic_volleybal/Misty-May-Treanor-USA-Beach-Volleyball-Olympian-Coaching-and-Training-Indoor-Volleyball-Skills-On-Sportskool-Volleyball-Videos.html,0
https://www.appzeropoint.blogspot.com/,0
https://www.apresidentsblogbypjrudden.blogspot.com/,0
https://www.aprnonline.com/?p=80839,0
https://www.aprd.org/,0
https://www.ibanking-services.com,0
https://www.aptustech.blogspot.com/,0
https://www.aptsmontreal.com/,0
https://www.april-inv.com/insightful-venus-terzo-is-catholic/,0
https://www.april-wine.freedownloadmp3.net/,0
https://www.apus.academia.edu/CarlEdwinLindgren,0
https://www.aprise.web.fc2.com/,0
https://www.aputure.com/,0
https://www.apsblog.burtongroup.com/2009/01/soa-is-dead-long-live-services.html,0
https://www.april-wine.thelyricarchive.com/,0
https://www.aquadoc.typepad.com/waterwired/2008/12/review.html,0
https://www.apwa.net/,0
https://www.apto.lockton-ins.com/,0
https://www.csc.gov.in,0
https://www.aqlye.blogspot.com/2009/05/long-time-no-see-errr-post-xd.html,0
https://www.aqbsou.livejournal.com/,0
https://www.aquamls.com/blueridgerealtyga/search_results.php?ourlisting=0&mls=&zip=&city%5B%5D=-&county%5B%5D=-&frontage=&view=&price_from=0&price_to=999999999&bedrooms=&bathrooms=&x=31&y=12&listing_type%5B%5D=-&rpp=100&o=FetView&start=600,0
https://www.apzdr.tripod.com/MaryPierce.html,0
https://www.aquarius.rashi12.com/Aquarius_Woman/,0
https://www.aquietnesswithin.blogspot.com/,0
https://www.aquilagroup.com/,0
https://www.aquilacommercial.com/,0
https://www.aq.ioffer.com/i/cheap-wrestling-wwe-wwf-wcw-ecw-dvds-1-200216818,0
https://www.aquiestamosrecords.com/la-strange/,0
https://www.aquilainc.com/,0
https://www.arabcrunch.com/2011/11/hacker-group-affiliated-with-syrian-regime-use-a-facebook-phishing-scam-to-steal-users-credentials.html,0
https://www.apwu.org/index2.htm,0
https://www.arabaquarius.blogspot.com/2009/02/anti-smoking-psa-awareness-ads.html,0
https://www.arabfilm.com/,0
https://www.arablounge.com/,0
https://www.aquilainc.in/,0
https://www.arab-dance.com/sexy-arab-dancer/,0
https://www.arahovasouvlakirestaurants.foodpages.ca/,0
https://www.ar.milesplit.com/teams/ASU,0
https://www.aramatheydidnt.livejournal.com/2293406.html,0
https://www.aramatheydidnt.livejournal.com/2524295.html,0
https://www.aramatheydidnt.livejournal.com/2815285.html,0
https://www.arabsatellitegame.com/,0
https://www.aquilatours.com/,0
https://www.aranaway.com/,0
https://www.arananfms.blogspot.com/2011/01/gainsbourg-vie-heroique-2010-bluray.html,0
https://www.arashi-colombia.blogspot.com/2010/01/discografia-completa-de-arashi.html,0
https://www.aras.ab.ca/stats/ref_200710.html,0
https://www.javatpoint.com,0
https://www.coinpot.co,0
https://www.arashi-daily.livejournal.com/,0
https://www.irib.ir,0
https://www.aramatheydidnt.livejournal.com/2386803.html,0
https://www.arabnights2.magnify.net/video/Shiraz-ft-Adam-Clay-Sahhart-Ayo,0
https://www.aramatheydidnt.livejournal.com/2817097.html,0
https://www.arashi-kinki.livejournal.com/,0
https://www.arashi-fashion.livejournal.com/,0
https://www.arashi-yuuki.livejournal.com/,0
https://www.arashi-zenshinn.livejournal.com/,0
https://www.arashi-tsinoy.livejournal.com/,0
https://www.arashi-layouts.livejournal.com/,0
https://www.arashi-forum.com/,0
https://www.arashi.hipermusicas.com/,0
https://www.aquilagolf.com/,0
https://www.arashi-gifs.livejournal.com/,0
https://www.aquila-partners.com/,0
https://www.arashi.mp/,0
https://www.arabianyellowpages.com/index.php?cat=12&subcat=1040,0
https://www.aranebraska.org/,0
https://www.aramatheydidnt.livejournal.com/2953068.html,0
https://www.hqporner.com,0
